localityId, localityName, dataId, x, y, latitude, longitude, zone, altitude, horiz_precision, vert_precision, planeType, dip, dipAzimuth, strike, declination, unitId, timedate, notes
150e58a69478d361873de60dff6c5d39,  Locality 1,  67432993636c5997ad8a8ef4c3be9ede, x, y, lat, long, 0, 0, 0, -1,  Joint, 84.21546173, 246.4670715, 156.4670715, 0.90054321,  Unit D,  Fri Aug 18 00:00:00 2023,  
150e58a69478d361873de60dff6c5d39,  Locality 1,  4cba87866911fd50816943c0502a960c, x, y, lat, long, 0, 0, 0, -1,  Joint, 84.15144348, 70.7480545, 340.7480469, 0.90054321,  Unit D,  Fri Aug 18 00:00:00 2024,  
150e58a69478d361873de60dff6c5d39,  Locality 1,  0f58903cf297a13ab61f519ef3b79cf1, x, y, lat, long, 0, 0, 0, -1,  Joint, 70.24188995, 255.0939789, 165.0939789, 0.90054321,  Unit D,  Fri Aug 18 00:00:00 2025,  
150e58a69478d361873de60dff6c5d39,  Locality 1,  d28c8b081cc414b6462770600db2f503, x, y, lat, long, 0, 0, 0, -1,  Joint, 87.09702301, 155.0002899, 65.00028992, 0.90054321,  Unit D,  Fri Aug 18 00:00:00 2026,  
150e58a69478d361873de60dff6c5d39,  Locality 1,  7ee1c8106f49af2f4520190ff67d72d2, x, y, lat, long, 0, 0, 0, -1,  Bedding, 8.4881506, 66.99433899, 336.9943237, 0.90054321,  Unit D,  Fri Aug 18 00:00:00 2027,  
150e58a69478d361873de60dff6c5d39,  Locality 1,  59ff8a685cca5edab30ff164f1c7fa02, x, y, lat, long, 0, 0, 0, -1,  Joint, 83.3993988, 339.8124085, 249.8124085, 0.90054321,  Unit D,  Fri Aug 18 00:00:00 2028,  
150e58a69478d361873de60dff6c5d39,  Locality 1,  73ffb5eecb1f1eba92ca708d5cda4b55, x, y, lat, long, 0, 0, 0, -1,  Joint, 77.65886688, 261.9658203, 171.9658203, 0.90054321,  Unit D,  Fri Aug 18 00:00:00 2029,  
150e58a69478d361873de60dff6c5d39,  Locality 1,  b0c4b9affb05bdada45860bdc69eca6f, x, y, lat, long, 0, 0, 0, -1,  Joint, 76.3115387, 277.0118408, 187.0118408, 0.90054321,  Unit D,  Fri Aug 18 00:00:00 2030,  
150e58a69478d361873de60dff6c5d39,  Locality 1,  909bc728f214bde05a385f4a7a73d10c, x, y, lat, long, 0, 0, 0, -1,  Joint, 78.84294891, 270.6035156, 180.6035156, 0.90054321,  Unit D,  Fri Aug 18 00:00:00 2031,  
150e58a69478d361873de60dff6c5d39,  Locality 1,  fcf624b7486a40eba8e17cf18c8c789a, x, y, lat, long, 0, 0, 0, -1,  Joint, 82.87227631, 189.0821381, 99.08213806, 0.90054321,  Unit D,  Fri Aug 18 00:00:00 2032,  
150e58a69478d361873de60dff6c5d39,  Locality 1,  68de4f4aa1175584d25d8509be6db464, x, y, lat, long, 0, 0, 0, -1,  Joint, 87.00379181, 62.60346222, 332.6034546, 0.90054321,  Unit D,  Fri Aug 18 00:00:00 2033,  
150e58a69478d361873de60dff6c5d39,  Locality 1,  399cb8c9ce7bc722c08ae292c654de51, x, y, lat, long, 0, 0, 0, -1,  Joint, 86.32925415, 339.4066773, 249.4066773, 0.90054321,  Unit D,  Fri Aug 18 00:00:00 2034,  
150e58a69478d361873de60dff6c5d39,  Locality 1,  a9ea58b7587de3cf8b5a7c43fc33b33b, x, y, lat, long, 0, 0, 0, -1,  Joint, 89, 158.9199371, 68.91993713, 0.90054321,  Unit D,  Fri Aug 18 00:00:00 2035,  
150e58a69478d361873de60dff6c5d39,  Locality 1,  9f5a233d9d8adc2260af36ae26c4af09, x, y, lat, long, 0, 0, 0, -1,  Joint, 79.07130432, 335.9031067, 245.9031067, 0.90054321,  Unit D,  Fri Aug 18 00:00:00 2036,  
150e58a69478d361873de60dff6c5d39,  Locality 1,  f235ee06f86a107a317c74159fa2618e, x, y, lat, long, 0, 0, 0, -1,  Joint, 88.2424469, 334.6280823, 244.6280823, 0.90054321,  Unit D,  Fri Aug 18 00:00:00 2037,  
150e58a69478d361873de60dff6c5d39,  Locality 1,  c1a8e7a055c805e9a9ce4f11f7edc792, x, y, lat, long, 0, 0, 0, -1,  Joint, 88.94706726, 157.0510712, 67.05107117, 0.90054321,  Unit D,  Fri Aug 18 00:00:00 2038,  
150e58a69478d361873de60dff6c5d39,  Locality 1,  8813f0a134f4d9d5c4075159070e868a, x, y, lat, long, 0, 0, 0, -1,  Joint, 83.49423981, 13.31940746, 283.319397, 0.90054321,  Unit D,  Fri Aug 18 00:00:00 2039,  
150e58a69478d361873de60dff6c5d39,  Locality 1,  dfef63bc04b7ccfcce9f155f08f239bc, x, y, lat, long, 0, 0, 0, -1,  Joint, 81.07139587, 146.8817596, 56.88175964, 0.90054321,  Unit D,  Fri Aug 18 00:00:00 2040,  
150e58a69478d361873de60dff6c5d39,  Locality 1,  a345fbbb29211873251013ff3c780d00, x, y, lat, long, 0, 0, 0, -1,  Joint, 71.68121338, 270.8425903, 180.8425903, 0.90054321,  Unit D,  Fri Aug 18 00:00:00 2041,  
150e58a69478d361873de60dff6c5d39,  Locality 1,  b07dc815c42c7d2256e713b2d91d9abb, x, y, lat, long, 0, 0, 0, -1,  Joint, 78.66322327, 265.7901306, 175.7901306, 0.90054321,  Unit D,  Fri Aug 18 00:00:00 2042,  
150e58a69478d361873de60dff6c5d39,  Locality 1,  89da5c0760ecff163cc9e88c9ce0b17d, x, y, lat, long, 0, 0, 0, -1,  Bedding, 20.43087006, 38.53386307, 308.5338745, 0.90054321,  Unit D,  Fri Aug 18 00:00:00 2043,  
150e58a69478d361873de60dff6c5d39,  Locality 1,  ac12d935001e260064669ba17ca62f3c, x, y, lat, long, 0, 0, 0, -1,  Bedding, 19.57615471, 116.9860535, 26.98605347, 0.90054321,  Unit D,  Fri Aug 18 00:00:00 2044,  
150e58a69478d361873de60dff6c5d39,  Locality 1,  8a2b8d1ed1b47376850ebb5ca28b3639, x, y, lat, long, 0, 0, 0, -1,  Bedding, 14.27052116, 91.88667297, 1.88667297, 0.90054321,  Unit D,  Fri Aug 18 00:00:00 2045,  
150e58a69478d361873de60dff6c5d39,  Locality 2,  72f08da61d6d95e3dacb146b917f4529, x, y, lat, long, 0, 0, 0, -1,  Joint, 88.54415131, 352.545929, 262.545929, 0.90054321,  Unit B,  Fri Aug 18 00:00:00 2046,  
150e58a69478d361873de60dff6c5d39,  Locality 2,  3a421903a0c4553d7123f6295a831424, x, y, lat, long, 0, 0, 0, -1,  Joint, 59.00965881, 159.2597809, 69.25978088, 0.90054321,  Unit B,  Fri Aug 18 00:00:00 2047,  
150e58a69478d361873de60dff6c5d39,  Locality 2,  2bfa9e3a403f31b6ddbea7c90779a6e4, x, y, lat, long, 0, 0, 0, -1,  Joint, 46.93854141, 169.0802765, 79.08027649, 0.90054321,  Unit B,  Fri Aug 18 00:00:00 2048,  
150e58a69478d361873de60dff6c5d39,  Locality 2,  c929333ec4010b2ba9cbd35d6d9147a6, x, y, lat, long, 0, 0, 0, -1,  Joint, 43.15776825, 181.7693939, 91.76939392, 0.90054321,  Unit B,  Fri Aug 18 00:00:00 2049,  
150e58a69478d361873de60dff6c5d39,  Locality 2,  51143105c916d1269f72afce32efb376, x, y, lat, long, 0, 0, 0, -1,  Joint, 60.73025894, 217.3152466, 127.3152466, 0.90054321,  Unit B,  Fri Aug 18 00:00:00 2050,  
150e58a69478d361873de60dff6c5d39,  Locality 2,  cadd972e64d185a5339688eb51e5cffd, x, y, lat, long, 0, 0, 0, -1,  Joint, 54.08457184, 278.2583313, 188.2583313, 0.90054321,  Unit B,  Fri Aug 18 00:00:00 2051,  
150e58a69478d361873de60dff6c5d39,  Locality 2,  3781fb950c80535f6218fa24616518cd, x, y, lat, long, 0, 0, 0, -1,  Joint, 45.66210175, 171.629364, 81.62936401, 0.90054321,  Unit B,  Fri Aug 18 00:00:00 2052,  
150e58a69478d361873de60dff6c5d39,  Locality 2,  089c43137995b06990cc2e778a23c7fd, x, y, lat, long, 0, 0, 0, -1,  Cleavage, 47.91438675, 8.15064144, 278.1506348, 0.90054321,  Unit B,  Fri Aug 18 00:00:00 2053,  
150e58a69478d361873de60dff6c5d39,  Locality 2,  7ff23b0ff2e51c694384397094bb1419, x, y, lat, long, 0, 0, 0, -1,  Joint, 66.40019226, 4.6267848, 274.62677, 0.90054321,  Unit B,  Fri Aug 18 00:00:00 2054,  
150e58a69478d361873de60dff6c5d39,  Locality 2,  5b44d3301a332833a653b1abe36114ba, x, y, lat, long, 0, 0, 0, -1,  Joint, 84.04917908, 10.55169392, 280.5516968, 0.90054321,  Unit B,  Fri Aug 18 00:00:00 2055,  
150e58a69478d361873de60dff6c5d39,  Locality 2,  5137b557867d4f0756bd143089596d28, x, y, lat, long, 0, 0, 0, -1,  Joint, 71.83916473, 7.92295361, 277.9229431, 0.90054321,  Unit B,  Fri Aug 18 00:00:00 2056,  
150e58a69478d361873de60dff6c5d39,  Locality 2,  a234fca05d738e6417b3f388efcfb302, x, y, lat, long, 0, 0, 0, -1,  Joint, 85.88624573, 99.22555542, 9.22555542, 0.90054321,  Unit B,  Fri Aug 18 00:00:00 2057,  
150e58a69478d361873de60dff6c5d39,  Locality 2,  1ed1e09b457f34b123a5b68ffba103e1, x, y, lat, long, 0, 0, 0, -1,  Joint, 76.84085083, 1.64098537, 271.6409912, 0.90054321,  Unit B,  Fri Aug 18 00:00:00 2058,  
150e58a69478d361873de60dff6c5d39,  Locality 2,  58ebd57422cd2b448c2152bfb3effbea, x, y, lat, long, 0, 0, 0, -1,  Joint, 69.94212341, 260.2783814, 170.2783814, 0.90054321,  Unit B,  Fri Aug 18 00:00:00 2059,  
150e58a69478d361873de60dff6c5d39,  Locality 2,  74555f269a3fe911fe5ed8e9d74ce48d, x, y, lat, long, 0, 0, 0, -1,  Joint, 49.5253334, 233.03479, 143.03479, 0.90054321,  Unit B,  Fri Aug 18 00:00:00 2060,  
150e58a69478d361873de60dff6c5d39,  Locality 2,  b165ec61247c6e93adc05e1c53c5eae7, x, y, lat, long, 0, 0, 0, -1,  Joint, 44.21636963, 240.3841705, 150.3841705, 0.90054321,  Unit B,  Fri Aug 18 00:00:00 2061,  
150e58a69478d361873de60dff6c5d39,  Locality 2,  df2286a7e53f90354c6ac576d041e062, x, y, lat, long, 0, 0, 0, -1,  Cleavage, 51.69264984, 338.1632996, 248.1632996, 0.90054321,  Unit B,  Fri Aug 18 00:00:00 2062,  
150e58a69478d361873de60dff6c5d39,  Locality 2,  8220d7f9dd878aa1efc1adbbeac34a2e, x, y, lat, long, 0, 0, 0, -1,  Cleavage, 60.00399399, 359.7417603, 269.7417603, 0.90054321,  Unit B,  Fri Aug 18 00:00:00 2063,  
150e58a69478d361873de60dff6c5d39,  Locality 2,  6db91f9e447d216a6517e91c316418c1, x, y, lat, long, 0, 0, 0, -1,  Joint, 37.40750885, 202.4235077, 112.4235077, 0.90054321,  Unit B,  Fri Aug 18 00:00:00 2064,  
150e58a69478d361873de60dff6c5d39,  Locality 2,  2358c7ca5220bf1b9c6b304fee2f7f9e, x, y, lat, long, 0, 0, 0, -1,  Joint, 42.73319244, 148.5234375, 58.5234375, 0.90054321,  Unit B,  Fri Aug 18 00:00:00 2065,  
150e58a69478d361873de60dff6c5d39,  Locality 2,  0ec899cd3e2d89ba7ff417b96b7be5c7, x, y, lat, long, 0, 0, 0, -1,  Overturned bedding, 59.47418213, 8.7371521, 278.7371521, 0.90054321,  Unit B,  Fri Aug 18 00:00:00 2066,  
150e58a69478d361873de60dff6c5d39,  Locality 2,  4f5172f54b5c97e70b2a62a0053471cd, x, y, lat, long, 0, 0, 0, -1,  Joint, 41.37615204, 164.4701691, 74.47016907, 0.90054321,  Unit B,  Fri Aug 18 00:00:00 2067,  
150e58a69478d361873de60dff6c5d39,  Locality 2,  cf8e25838efd488a80ef8b508be241f3, x, y, lat, long, 0, 0, 0, -1,  Joint, 73.42475891, 309.2186279, 219.2186279, 0.90054321,  Unit B,  Fri Aug 18 00:00:00 2068,  
150e58a69478d361873de60dff6c5d39,  Locality 2,  cab43232b1aef812259714868af1768f, x, y, lat, long, 0, 0, 0, -1,  Joint, 73.07779694, 9.29467678, 279.2946777, 0.90054321,  Unit B,  Fri Aug 18 00:00:00 2069,  
150e58a69478d361873de60dff6c5d39,  Locality 2,  c3587a70f8e4341ef1ff31315f7bf04d, x, y, lat, long, 0, 0, 0, -1,  Joint, 64.35904694, 11.87124252, 281.8712463, 0.90054321,  Unit B,  Fri Aug 18 00:00:00 2070,  
150e58a69478d361873de60dff6c5d39,  Locality 2,  4fbd3fbf41d833457d29ac895c153e47, x, y, lat, long, 0, 0, 0, -1,  Joint, 84.1402359, 134.2967072, 44.29670715, 0.90054321,  Unit B,  Fri Aug 18 00:00:00 2071,  
150e58a69478d361873de60dff6c5d39,  Locality 2,  f0765af6bdbbe7580ce4d23029bbe58e, x, y, lat, long, 0, 0, 0, -1,  Joint, 17.99670029, 208.2518311, 118.2518311, 0.90054321,  Unit B,  Fri Aug 18 00:00:00 2072,  
150e58a69478d361873de60dff6c5d39,  Locality 2,  40e3b2477c0fccb14c772f5b9ccfece1, x, y, lat, long, 0, 0, 0, -1,  Cleavage, 55.20426941, 2.09887314, 272.098877, 0.90054321,  Unit B,  Fri Aug 18 00:00:00 2073,  
150e58a69478d361873de60dff6c5d39,  Locality 2,  1d25865b91098d8ac4275463c345b891, x, y, lat, long, 0, 0, 0, -1,  Bedding, 25.66974449, 217.015564, 127.015564, 0.90054321,  Unit B,  Fri Aug 18 00:00:00 2074,  
150e58a69478d361873de60dff6c5d39,  Locality 2,  15e51fc924bba621f74e0aa65266d1f9, x, y, lat, long, 0, 0, 0, -1,  Joint, 32.98450089, 213.7732849, 123.7732849, 0.90054321,  Unit B,  Fri Aug 18 00:00:00 2075,  
150e58a69478d361873de60dff6c5d39,  Locality 2,  2d9c9a2e53a13f39f543bc2a46a398e3, x, y, lat, long, 0, 0, 0, -1,  Joint, 36.06399536, 219.4066467, 129.4066467, 0.90054321,  Unit B,  Fri Aug 18 00:00:00 2076,  
150e58a69478d361873de60dff6c5d39,  Locality 2,  4df0c29dccee809d14f76803ad48a380, x, y, lat, long, 0, 0, 0, -1,  Joint, 85.28807831, 129.5138702, 39.51387024, 0.90054321,  Unit B,  Fri Aug 18 00:00:00 2077,  
150e58a69478d361873de60dff6c5d39,  Locality 2,  4b994fc2b55c85111b1a6bd65bcf840c, x, y, lat, long, 0, 0, 0, -1,  Cleavage, 55.02755737, 8.98943996, 278.9894409, 0.90054321,  Unit B,  Fri Aug 18 00:00:00 2078,  
150e58a69478d361873de60dff6c5d39,  Locality 2,  b798953ce004b961ee53f97753c4a03c, x, y, lat, long, 0, 0, 0, -1,  Joint, 88.54203033, 130.2090149, 40.20901489, 0.90054321,  Unit B,  Fri Aug 18 00:00:00 2079,  
150e58a69478d361873de60dff6c5d39,  Locality 2,  3a9d6a7379f55c991d97e9e15ab13b9b, x, y, lat, long, 0, 0, 0, -1,  Cleavage, 54.90224075, 5.56436205, 275.5643616, 0.90054321,  Unit B,  Fri Aug 18 00:00:00 2080,  
150e58a69478d361873de60dff6c5d39,  Locality 2,  47b9e91cbe78a81211c65d6f67adedd8, x, y, lat, long, 0, 0, 0, -1,  Joint, 50.8197403, 244.5037994, 154.5037994, 0.90054321,  Unit B,  Fri Aug 18 00:00:00 2081,  
150e58a69478d361873de60dff6c5d39,  Locality 2,  f6ffd824c8d6ea3c7457e77ebdccaa16, x, y, lat, long, 0, 0, 0, -1,  Joint, 88.86360168, 132.6625977, 42.66259766, 0.90054321,  Unit B,  Fri Aug 18 00:00:00 2082,  
150e58a69478d361873de60dff6c5d39,  Locality 2,  b261ca69d0db9d6ff6e0988928024b32, x, y, lat, long, 0, 0, 0, -1,  Joint, 49.26031494, 252.026062, 162.026062, 0.90054321,  Unit B,  Fri Aug 18 00:00:00 2083,  
150e58a69478d361873de60dff6c5d39,  Locality 2,  b998cc142827358a58168d5c1e1abf52, x, y, lat, long, 0, 0, 0, -1,  Joint, 89, 133.3996429, 43.39964294, 0.90054321,  Unit B,  Fri Aug 18 00:00:00 2084,  
150e58a69478d361873de60dff6c5d39,  Locality 2,  fd1a2ce5190a86ff9859dde3c96c9365, x, y, lat, long, 0, 0, 0, -1,  Cleavage, 51.80150604, 17.82609558, 287.8261108, 0.90054321,  Unit B,  Fri Aug 18 00:00:00 2085,  
150e58a69478d361873de60dff6c5d39,  Locality 2,  1a615b26a71ed9007ed639f5518ce939, x, y, lat, long, 0, 0, 0, -1,  Bedding, 28.58155632, 245.586731, 155.586731, 0.90054321,  Unit B,  Fri Aug 18 00:00:00 2086,  
150e58a69478d361873de60dff6c5d39,  Locality 2,  ccbd09e6e63a88c68c679de32dfe805d, x, y, lat, long, 0, 0, 0, -1,  Joint, 88.41938782, 132.4563751, 42.45637512, 0.90054321,  Unit B,  Fri Aug 18 00:00:00 2087,  
150e58a69478d361873de60dff6c5d39,  Locality 2,  eda0f5d955a92e5c3f15dd78fc0c2b5f, x, y, lat, long, 0, 0, 0, -1,  Cleavage, 51.31208038, 10.16700745, 280.1669922, 0.90054321,  Unit B,  Fri Aug 18 00:00:00 2088,  
150e58a69478d361873de60dff6c5d39,  Locality 2,  6d3a22aa9ba512f0ab63cd7b85fb562f, x, y, lat, long, 0, 0, 0, -1,  Joint, 82.6570282, 320.0663452, 230.0663452, 0.90054321,  Unit B,  Fri Aug 18 00:00:00 2089,  
150e58a69478d361873de60dff6c5d39,  Locality 2,  6dace22673d19f730bffc24080d64817, x, y, lat, long, 0, 0, 0, -1,  Joint, 51.50159073, 73.20794678, 343.2079468, 0.90054321,  Unit B,  Fri Aug 18 00:00:00 2090,  
150e58a69478d361873de60dff6c5d39,  Locality 2,  99a5217a700cf3263ad5debff9781ec9, x, y, lat, long, 0, 0, 0, -1,  Joint, 86.68296814, 142.0935516, 52.09355164, 0.90054321,  Unit B,  Fri Aug 18 00:00:00 2091,  
150e58a69478d361873de60dff6c5d39,  Locality 2,  712cbaa7894ec7c5bc40c1709367bb8e, x, y, lat, long, 0, 0, 0, -1,  Joint, 86.73690033, 321.5970154, 231.5970154, 0.90054321,  Unit B,  Fri Aug 18 00:00:00 2092,  
150e58a69478d361873de60dff6c5d39,  Locality 2,  a762f727ae76f7392ff2db42fe4783de, x, y, lat, long, 0, 0, 0, -1,  Joint, 86.00597382, 321.507019, 231.507019, 0.90054321,  Unit B,  Fri Aug 18 00:00:00 2093,  
150e58a69478d361873de60dff6c5d39,  Locality 2,  85e834483bcddc3c7281fe9e0e2df9a8, x, y, lat, long, 0, 0, 0, -1,  Joint, 84.59628296, 145.8483429, 55.8483429, 0.90054321,  Unit B,  Fri Aug 18 00:00:00 2094,  
150e58a69478d361873de60dff6c5d39,  Locality 2,  e8d85f7b984c7fc37199b2fd7d95c477, x, y, lat, long, 0, 0, 0, -1,  Cleavage, 64.23265076, 22.53491783, 292.5349121, 0.90054321,  Unit B,  Fri Aug 18 00:00:00 2095,  
150e58a69478d361873de60dff6c5d39,  Locality 2,  06294cf5661644769c6c6ec402507cb8, x, y, lat, long, 0, 0, 0, -1,  Cleavage, 64.56027985, 31.29561806, 301.2956238, 0.90054321,  Unit B,  Fri Aug 18 00:00:00 2096,  
150e58a69478d361873de60dff6c5d39,  Locality 2,  23ae50d0d144a97b356f83e41e85bf57, x, y, lat, long, 0, 0, 0, -1,  Cleavage, 72.1914978, 34.72200012, 304.7219849, 0.90054321,  Unit B,  Fri Aug 18 00:00:00 2097,  
150e58a69478d361873de60dff6c5d39,  Locality 3,  6fee928f6db4cc405c91b46b783580c7, x, y, lat, long, 0, 0, 0, -1,  Joint, 81.05015564, 143.0604096, 53.06040955, 0.90054321,  Unit B,  Fri Aug 18 00:00:00 2098,  
150e58a69478d361873de60dff6c5d39,  Locality 3,  1f89874fc69f2cacaaaba39e46813a42, x, y, lat, long, 0, 0, 0, -1,  Cleavage, 59.77401733, 348.8768921, 258.8768921, 0.90054321,  Unit B,  Fri Aug 18 00:00:00 2099,  
150e58a69478d361873de60dff6c5d39,  Locality 3,  f68c376c80190b9e4620792dfd7bff14, x, y, lat, long, 0, 0, 0, -1,  Joint, 77.96460724, 147.2749786, 57.27497864, 0.90054321,  Unit B,  Fri Aug 18 00:00:00 2100,  
150e58a69478d361873de60dff6c5d39,  Locality 3,  da8669d064bce0fabd1c7518c6f7cb1d, x, y, lat, long, 0, 0, 0, -1,  Cleavage, 66.46335602, 16.43453407, 286.4345398, 0.90054321,  Unit B,  Fri Aug 18 00:00:00 2101,  
150e58a69478d361873de60dff6c5d39,  Locality 3,  da9a16bb5406245e08d8d71dbd74de31, x, y, lat, long, 0, 0, 0, -1,  Joint, 79.83652496, 153.8598633, 63.85986328, 0.90054321,  Unit B,  Fri Aug 18 00:00:00 2102,  
150e58a69478d361873de60dff6c5d39,  Locality 3,  b61ee0cdc4cad96c1b7f825039c96c6f, x, y, lat, long, 0, 0, 0, -1,  Joint, 78.68916321, 154.2010956, 64.20109558, 0.90054321,  Unit B,  Fri Aug 18 00:00:00 2103,  
150e58a69478d361873de60dff6c5d39,  Locality 3,  d0b51a0fd2c3149217db58fbb717ac36, x, y, lat, long, 0, 0, 0, -1,  Cleavage, 68.41969299, 22.21774864, 292.2177429, 0.90054321,  Unit B,  Fri Aug 18 00:00:00 2104,  
150e58a69478d361873de60dff6c5d39,  Locality 3,  d5ee088d525cdde5b4d057e41e83ac51, x, y, lat, long, 0, 0, 0, -1,  Joint, 84.42849731, 335.6602783, 245.6602783, 0.90054321,  Unit B,  Fri Aug 18 00:00:00 2105,  
150e58a69478d361873de60dff6c5d39,  Locality 3,  ec9e5d37935530eea18b53b7fd577f65, x, y, lat, long, 0, 0, 0, -1,  Cleavage, 46.741436, 13.43755627, 283.437561, 0.90054321,  Unit B,  Fri Aug 18 00:00:00 2106,  
150e58a69478d361873de60dff6c5d39,  Locality 3,  0456120bc8f7437685921ac2bef3c1b6, x, y, lat, long, 0, 0, 0, -1,  Cleavage, 63.20838547, 15.29531479, 285.2953186, 0.90054321,  Unit B,  Fri Aug 18 00:00:00 2107,  
150e58a69478d361873de60dff6c5d39,  Locality 3,  1e1c9fc766e47efc96f35c691b1367af, x, y, lat, long, 0, 0, 0, -1,  Joint, 75.94792175, 65.8996048, 335.8995972, 0.90054321,  Unit B,  Fri Aug 18 00:00:00 2108,  
150e58a69478d361873de60dff6c5d39,  Locality 3,  0f6c022231cabdf533f623a71b16b16e, x, y, lat, long, 0, 0, 0, -1,  Joint, 67.01988983, 123.2071381, 33.20713806, 0.90054321,  Unit B,  Fri Aug 18 00:00:00 2109,  
150e58a69478d361873de60dff6c5d39,  Locality 3,  ac2dcbbb454384ecf7111e064dbff5f0, x, y, lat, long, 0, 0, 0, -1,  Joint, 73.1206131, 91.71787262, 1.71787262, 0.90054321,  Unit B,  Fri Aug 18 00:00:00 2110,  
150e58a69478d361873de60dff6c5d39,  Locality 3,  0231e6cf598df20f1d73423a2433c2f2, x, y, lat, long, 0, 0, 0, -1,  Joint, 88.07836914, 332.423584, 242.423584, 0.90054321,  Unit B,  Fri Aug 18 00:00:00 2111,  
150e58a69478d361873de60dff6c5d39,  Locality 3,  0670ab075ea777f060961084234f02fc, x, y, lat, long, 0, 0, 0, -1,  Joint, 44.29107666, 165.7148132, 75.71481323, 0.90054321,  Unit B,  Fri Aug 18 00:00:00 2112,  
150e58a69478d361873de60dff6c5d39,  Locality 3,  737af7599a6b261ae75ce545295100ce, x, y, lat, long, 0, 0, 0, -1,  Joint, 61.49027634, 105.1057129, 15.10571289, 0.90054321,  Unit B,  Fri Aug 18 00:00:00 2113,  
150e58a69478d361873de60dff6c5d39,  Locality 3,  d8a19c9eafe97c42452d52e8defdf6a7, x, y, lat, long, 0, 0, 0, -1,  Joint, 69.64528656, 6.6701026, 276.670105, 0.90054321,  Unit B,  Fri Aug 18 00:00:00 2114,  
150e58a69478d361873de60dff6c5d39,  Locality 3,  4a8e66740e788c22dce6397035bd9b39, x, y, lat, long, 0, 0, 0, -1,  Joint, 77.02870178, 208.4869843, 118.4869843, 0.90054321,  Unit B,  Fri Aug 18 00:00:00 2115,  
150e58a69478d361873de60dff6c5d39,  Locality 3,  31886955dfacf3062b444b540a9a1245, x, y, lat, long, 0, 0, 0, -1,  Joint, 89, 105.4622498, 15.46224976, 0.90054321,  Unit B,  Fri Aug 18 00:00:00 2116,  
150e58a69478d361873de60dff6c5d39,  Locality 3,  4ece73d1568c47274fe5a3f036d5f5d9, x, y, lat, long, 0, 0, 0, -1,  Bedding, 26.9337883, 150.8306122, 60.83061218, 0.90054321,  Unit B,  Fri Aug 18 00:00:00 2117,  
150e58a69478d361873de60dff6c5d39,  Locality 3,  266c92221cd08c0d3ada2cb362095c01, x, y, lat, long, 0, 0, 0, -1,  Joint, 26.73210716, 151.1877594, 61.1877594, 0.90054321,  Unit B,  Fri Aug 18 00:00:00 2118,  
150e58a69478d361873de60dff6c5d39,  Locality 3,  38d709b3e82eb4481fce82b43a84b795, x, y, lat, long, 0, 0, 0, -1,  Bedding, 15.06528091, 195.3346405, 105.3346405, 0.90054321,  Unit B,  Fri Aug 18 00:00:00 2119,  
150e58a69478d361873de60dff6c5d39,  Locality 3,  a09bfce87fb1df0577a74e5c06ae14ff, x, y, lat, long, 0, 0, 0, -1,  Joint, 62.77841187, 156.1179352, 66.11793518, 0.90054321,  Unit B,  Fri Aug 18 00:00:00 2120,  
150e58a69478d361873de60dff6c5d39,  Locality 3,  b10693edc85a44a332a687245f9e9703, x, y, lat, long, 0, 0, 0, -1,  Joint, 24.30787468, 186.1977387, 96.19773865, 0.90054321,  Unit B,  Fri Aug 18 00:00:00 2121,  
150e58a69478d361873de60dff6c5d39,  Locality 3,  5554daeeabeadd1651c58c4d6ea01196, x, y, lat, long, 0, 0, 0, -1,  Joint, 58.43065643, 215.615921, 125.615921, 0.90054321,  Unit B,  Fri Aug 18 00:00:00 2122,  
150e58a69478d361873de60dff6c5d39,  Locality 3,  89641ed57341fcae14d5e64b077ac26b, x, y, lat, long, 0, 0, 0, -1,  Joint, 14.72758579, 199.3313294, 109.3313294, 0.90054321,  Unit B,  Fri Aug 18 00:00:00 2123,  
150e58a69478d361873de60dff6c5d39,  Locality 3,  214eb3ee25226177fe9940a2fb3e3812, x, y, lat, long, 0, 0, 0, -1,  Joint, 86.36883545, 334.5366211, 244.5366211, 0.90054321,  Unit B,  Fri Aug 18 00:00:00 2124,  
150e58a69478d361873de60dff6c5d39,  Locality 3,  45a7fa3dc3e7b4d27fac60d849dde760, x, y, lat, long, 0, 0, 0, -1,  Cleavage, 56.53678894, 13.4025383, 283.4025269, 0.90054321,  Unit B,  Fri Aug 18 00:00:00 2125,  
150e58a69478d361873de60dff6c5d39,  Locality 3,  ffb7dfeb5fffcd28f1b7080dbabbaf14, x, y, lat, long, 0, 0, 0, -1,  Joint, 67.75810242, 137.7297363, 47.72973633, 0.90054321,  Unit B,  Fri Aug 18 00:00:00 2126,  
150e58a69478d361873de60dff6c5d39,  Locality 3,  79250b4b0c78500c178b0d4cf56b8cb8, x, y, lat, long, 0, 0, 0, -1,  Bedding, 14.00254345, 243.9498596, 153.9498596, 0.90054321,  Unit B,  Fri Aug 18 00:00:00 2127,  
150e58a69478d361873de60dff6c5d39,  Locality 3,  347dbc7f4ab9863b6cef95e01f4b0b0c, x, y, lat, long, 0, 0, 0, -1,  Cleavage, 59.96610641, 49.31042862, 319.3104248, 0.90054321,  Unit B,  Fri Aug 18 00:00:00 2128,  
150e58a69478d361873de60dff6c5d39,  Locality 3,  5dedf04e585618c5a7d942b700a30015, x, y, lat, long, 0, 0, 0, -1,  Joint, 50.88390732, 231.6928711, 141.6928711, 0.90054321,  Unit B,  Fri Aug 18 00:00:00 2129,  
150e58a69478d361873de60dff6c5d39,  Locality 3,  d886ddced6b7fa566ac8880c820b4d01, x, y, lat, long, 0, 0, 0, -1,  Cleavage, 43.09159851, 17.99094391, 287.9909363, 0.90054321,  Unit B,  Fri Aug 18 00:00:00 2130,  
150e58a69478d361873de60dff6c5d39,  Locality 3,  6979ebe2b6577a29aa9b33ee45295521, x, y, lat, long, 0, 0, 0, -1,  Joint, 86.44937134, 263.6748962, 173.6748962, 0.90054321,  Unit B,  Fri Aug 18 00:00:00 2131,  
150e58a69478d361873de60dff6c5d39,  Locality 3,  426303a7e284a4879df6d291b6a417da, x, y, lat, long, 0, 0, 0, -1,  Joint, 53.57815552, 279.5325012, 189.5325012, 0.90054321,  Unit B,  Fri Aug 18 00:00:00 2132,  
150e58a69478d361873de60dff6c5d39,  Locality 3,  ffd74bbbb147c2b24dc7e53e69574fb4, x, y, lat, long, 0, 0, 0, -1,  Joint, 71.50040436, 166.0661469, 76.06614685, 0.90054321,  Unit B,  Fri Aug 18 00:00:00 2133,  
150e58a69478d361873de60dff6c5d39,  Locality 3,  6897114cc4823c11d05a945affb42767, x, y, lat, long, 0, 0, 0, -1,  Joint, 43.42086411, 9.91875744, 279.9187622, 0.90054321,  Unit B,  Fri Aug 18 00:00:00 2134,  
150e58a69478d361873de60dff6c5d39,  Locality 3,  9915bdae88b78825ade881e86e951614, x, y, lat, long, 0, 0, 0, -1,  Joint, 55.71844101, 1.88885581, 271.888855, 0.90054321,  Unit B,  Fri Aug 18 00:00:00 2135,  
150e58a69478d361873de60dff6c5d39,  Locality 3,  36b72be74f5f70e9030b31f41cb0e319, x, y, lat, long, 0, 0, 0, -1,  Bedding, 8.93727779, 266.6036072, 176.6036072, 0.90054321,  Unit B,  Fri Aug 18 00:00:00 2136,  
150e58a69478d361873de60dff6c5d39,  Locality 3,  b5d5f8b05a5cf6d2bda2e6bd1cab75c3, x, y, lat, long, 0, 0, 0, -1,  Joint, 88.42919159, 155.5651093, 65.56510925, 0.90054321,  Unit B,  Fri Aug 18 00:00:00 2137,  
150e58a69478d361873de60dff6c5d39,  Locality 3,  79c8838aa2f0273908c5d823372d5c8e, x, y, lat, long, 0, 0, 0, -1,  Joint, 86.59799957, 157.8549347, 67.85493469, 0.90054321,  Unit B,  Fri Aug 18 00:00:00 2138,  
150e58a69478d361873de60dff6c5d39,  Locality 3,  564f6772d26efc0485b566bae3e429bc, x, y, lat, long, 0, 0, 0, -1,  Joint, 73.23015594, 344.2127075, 254.2127075, 0.90054321,  Unit B,  Fri Aug 18 00:00:00 2139,  
150e58a69478d361873de60dff6c5d39,  Locality 3,  170a7d6d5e7e6dc299aae28b6927a844, x, y, lat, long, 0, 0, 0, -1,  Joint, 75.69321442, 25.18870544, 295.1887207, 0.90054321,  Unit B,  Fri Aug 18 00:00:00 2140,  
150e58a69478d361873de60dff6c5d39,  Locality 3,  2590104cbc60d838d276b985a26e3e0d, x, y, lat, long, 0, 0, 0, -1,  Joint, 68.73544312, 351.2410889, 261.2410889, 0.90054321,  Unit B,  Fri Aug 18 00:00:00 2141,  
150e58a69478d361873de60dff6c5d39,  Locality 3,  2f37bcc2d98356d573b8feaae9aae626, x, y, lat, long, 0, 0, 0, -1,  Joint, 73.1508255, 342.4285889, 252.4285889, 0.90054321,  Unit B,  Fri Aug 18 00:00:00 2142,  
150e58a69478d361873de60dff6c5d39,  Locality 3,  3d4d5e952bb0590b7c755a2da206aa2b, x, y, lat, long, 0, 0, 0, -1,  Joint, 69.11447906, 347.9033203, 257.9033203, 0.90054321,  Unit B,  Fri Aug 18 00:00:00 2143,  
150e58a69478d361873de60dff6c5d39,  Locality 3,  a5b0a6ed455be9f64155c84b3712dfa2, x, y, lat, long, 0, 0, 0, -1,  Joint, 63.23141098, 347.6929627, 257.6929627, 0.90054321,  Unit B,  Fri Aug 18 00:00:00 2144,  
150e58a69478d361873de60dff6c5d39,  Locality 3,  8cd55c12b423bf504c2415f9a202b024, x, y, lat, long, 0, 0, 0, -1,  Joint, 69.28089142, 165.8153839, 75.81538391, 0.90054321,  Unit B,  Fri Aug 18 00:00:00 2145,  
150e58a69478d361873de60dff6c5d39,  Locality 3,  ade2dde529dcf7bdf962597d49cef217, x, y, lat, long, 0, 0, 0, -1,  Cleavage, 26.0213623, 312.7262268, 222.7262268, 0.90054321,  Unit B,  Fri Aug 18 00:00:00 2146,  
150e58a69478d361873de60dff6c5d39,  Locality 3,  f5b4597c8ec74f7504a1506e13f8151c, x, y, lat, long, 0, 0, 0, -1,  Joint, 74.05245209, 105.9775696, 15.97756958, 0.90054321,  Unit B,  Fri Aug 18 00:00:00 2147,  
150e58a69478d361873de60dff6c5d39,  Locality 3,  88b5d3d08a999ab2dad9c43e6c432324, x, y, lat, long, 0, 0, 0, -1,  Joint, 66.11650848, 118.8946533, 28.89465332, 0.90054321,  Unit B,  Fri Aug 18 00:00:00 2148,  
150e58a69478d361873de60dff6c5d39,  Locality 3,  497141724429bd524183450582729e16, x, y, lat, long, 0, 0, 0, -1,  Joint, 63.16519547, 108.3723679, 18.37236786, 0.90054321,  Unit B,  Fri Aug 18 00:00:00 2149,  
150e58a69478d361873de60dff6c5d39,  Locality 3,  2e71684ae4a9e0857b2821f3cc6b8f1b, x, y, lat, long, 0, 0, 0, -1,  Cleavage, 42.71905136, 14.71960354, 284.7196045, 0.90054321,  Unit B,  Fri Aug 18 00:00:00 2150,  
150e58a69478d361873de60dff6c5d39,  Locality 3,  01fd85adff1cde63ad8b157871cfde56, x, y, lat, long, 0, 0, 0, -1,  Joint, 64.21328735, 108.9972153, 18.99721527, 0.90054321,  Unit B,  Fri Aug 18 00:00:00 2151,  
150e58a69478d361873de60dff6c5d39,  Locality 3,  7d3bf9effd67051d037f23b4b5b56f14, x, y, lat, long, 0, 0, 0, -1,  Joint, 89, 348.8963318, 258.8963318, 0.90054321,  Unit B,  Fri Aug 18 00:00:00 2152,  
150e58a69478d361873de60dff6c5d39,  Locality 3,  c39065ccb8cc34886593414183e655f7, x, y, lat, long, 0, 0, 0, -1,  Joint, 81.34702301, 156.7565308, 66.75653076, 0.90054321,  Unit B,  Fri Aug 18 00:00:00 2153,  
150e58a69478d361873de60dff6c5d39,  Locality 3,  a2376bb3b4e057c8984c1ad3e5ca58c3, x, y, lat, long, 0, 0, 0, -1,  Joint, 73.26906586, 162.3743744, 72.37437439, 0.90054321,  Unit B,  Fri Aug 18 00:00:00 2154,  
150e58a69478d361873de60dff6c5d39,  Locality 3,  4506433f3a64dd8967089ed38e984f78, x, y, lat, long, 0, 0, 0, -1,  Joint, 68.91073608, 158.3069153, 68.30691528, 0.90054321,  Unit B,  Fri Aug 18 00:00:00 2155,  
150e58a69478d361873de60dff6c5d39,  Locality 3,  094dce1f715552f53ce70f3d2a915719, x, y, lat, long, 0, 0, 0, -1,  Joint, 70.07200623, 126.1462555, 36.14625549, 0.90054321,  Unit B,  Fri Aug 18 00:00:00 2156,  
150e58a69478d361873de60dff6c5d39,  Locality 3,  b791d3d1644504ea8d395014ec0094d3, x, y, lat, long, 0, 0, 0, -1,  Cleavage, 16.60407639, 345.7705078, 255.7705078, 0.90054321,  Unit B,  Fri Aug 18 00:00:00 2157,  
150e58a69478d361873de60dff6c5d39,  Locality 3,  03feb979c68431225be3b361945c5bdb, x, y, lat, long, 0, 0, 0, -1,  Cleavage, 23.39312172, 336.7025147, 246.7025147, 0.90054321,  Unit B,  Fri Aug 18 00:00:00 2158,  
150e58a69478d361873de60dff6c5d39,  Locality 3,  a250db61c8354344a5a51ef2cd62ab06, x, y, lat, long, 0, 0, 0, -1,  Cleavage, 22.35528946, 6.62079382, 276.6207886, 0.90054321,  Unit B,  Fri Aug 18 00:00:00 2159,  
150e58a69478d361873de60dff6c5d39,  Locality 3,  1eea762fa362a6409c13911594f53730, x, y, lat, long, 0, 0, 0, -1,  Joint, 59.0638504, 169.7033997, 79.70339966, 0.90054321,  Unit B,  Fri Aug 18 00:00:00 2160,  
150e58a69478d361873de60dff6c5d39,  Locality 3,  2ae7e1bf03c130c22c21c27eed0d8947, x, y, lat, long, 0, 0, 0, -1,  Joint, 77.23395538, 159.9853821, 69.98538208, 0.90054321,  Unit B,  Fri Aug 18 00:00:00 2161,  
150e58a69478d361873de60dff6c5d39,  Locality 3,  9fdeb0fde145fa3721e07c97559d3b82, x, y, lat, long, 0, 0, 0, -1,  Joint, 71.98700714, 166.1335602, 76.13356018, 0.90054321,  Unit B,  Fri Aug 18 00:00:00 2162,  
150e58a69478d361873de60dff6c5d39,  Locality 3,  f01771a34086f42ccf4187e3958bfffc, x, y, lat, long, 0, 0, 0, -1,  Joint, 82.67431641, 152.0716248, 62.07162476, 0.90054321,  Unit B,  Fri Aug 18 00:00:00 2163,  
150e58a69478d361873de60dff6c5d39,  Locality 3,  b54fb3f32b2afc73c608d724b61135aa, x, y, lat, long, 0, 0, 0, -1,  Joint, 83.65600586, 152.2949524, 62.29495239, 0.90054321,  Unit B,  Fri Aug 18 00:00:00 2164,  
150e58a69478d361873de60dff6c5d39,  Locality 3,  46aabd677a7985bf2cbaa33f8fed5c6f, x, y, lat, long, 0, 0, 0, -1,  Joint, 81.3503952, 157.3564758, 67.35647583, 0.90054321,  Unit B,  Fri Aug 18 00:00:00 2165,  
150e58a69478d361873de60dff6c5d39,  Locality 3,  93281d6be657f55691b16c3e5f98e6b6, x, y, lat, long, 0, 0, 0, -1,  Bedding, 12.17695808, 24.89196396, 294.8919678, 0.90054321,  Unit B,  Fri Aug 18 00:00:00 2166,  
150e58a69478d361873de60dff6c5d39,  Locality 3,  2595f09e6fc1f5dc833805bb9e988f0a, x, y, lat, long, 0, 0, 0, -1,  Joint, 83.74956512, 153.6007996, 63.60079956, 0.90054321,  Unit B,  Fri Aug 18 00:00:00 2167,  
150e58a69478d361873de60dff6c5d39,  Locality 3,  e4fd60870d86773a5d195c1de45e3b42, x, y, lat, long, 0, 0, 0, -1,  Joint, 81.82904053, 230.0717163, 140.0717163, 0.90054321,  Unit B,  Fri Aug 18 00:00:00 2168,  
150e58a69478d361873de60dff6c5d39,  Locality 3,  c0b4c5bfd2fa0dab451bfb46a2e7f161, x, y, lat, long, 0, 0, 0, -1,  Joint, 81.29615784, 160.2318115, 70.23181152, 0.90054321,  Unit B,  Fri Aug 18 00:00:00 2169,  
150e58a69478d361873de60dff6c5d39,  Locality 3,  929e775b3b8e300134668234e695e1c9, x, y, lat, long, 0, 0, 0, -1,  Cleavage, 26.21662712, 16.43717194, 286.4371643, 0.90054321,  Unit B,  Fri Aug 18 00:00:00 2170,  
150e58a69478d361873de60dff6c5d39,  Locality 3,  20acaf54f3a04f9c06a02adddb2d23f6, x, y, lat, long, 0, 0, 0, -1,  Cleavage, 26.77014542, 16.57266045, 286.5726624, 0.90054321,  Unit B,  Fri Aug 18 00:00:00 2171,  
150e58a69478d361873de60dff6c5d39,  Locality 3,  1968c942bd33d488ba6738539f13d9f0, x, y, lat, long, 0, 0, 0, -1,  Cleavage, 27.35901642, 1.5121907, 271.512207, 0.90054321,  Unit B,  Fri Aug 18 00:00:00 2172,  
150e58a69478d361873de60dff6c5d39,  Locality 3,  a30acf8982a624dd9d26016d5800cfad, x, y, lat, long, 0, 0, 0, -1,  Joint, 78.54576874, 148.8330994, 58.83309937, 0.90054321,  Unit B,  Fri Aug 18 00:00:00 2173,  
150e58a69478d361873de60dff6c5d39,  Locality 3,  7f8d19148212772bfa0e96d30a248515, x, y, lat, long, 0, 0, 0, -1,  Joint, 70.64802551, 222.5119171, 132.5119171, 0.90054321,  Unit B,  Fri Aug 18 00:00:00 2174,  
150e58a69478d361873de60dff6c5d39,  Locality 3,  53a3efc5f9c329e095a0ac2e8fe488ac, x, y, lat, long, 0, 0, 0, -1,  Joint, 79.25341797, 152.1420136, 62.14201355, 0.90054321,  Unit B,  Fri Aug 18 00:00:00 2175,  
150e58a69478d361873de60dff6c5d39,  Locality 3,  15102e728cec3b7da435c2ecf9b8202d, x, y, lat, long, 0, 0, 0, -1,  Cleavage, 40.04143143, 18.62729454, 288.6272888, 0.90054321,  Unit B,  Fri Aug 18 00:00:00 2176,  
150e58a69478d361873de60dff6c5d39,  Locality 3,  5f569500bf39ff114e45acc8f9101295, x, y, lat, long, 0, 0, 0, -1,  Cleavage, 43.27421188, 31.70398903, 301.7039795, 0.90054321,  Unit B,  Fri Aug 18 00:00:00 2177,  
150e58a69478d361873de60dff6c5d39,  Locality 3,  077d9a46010a9cb537921508a834bbe5, x, y, lat, long, 0, 0, 0, -1,  Joint, 78.30438232, 169.2373352, 79.23733521, 0.90054321,  Unit B,  Fri Aug 18 00:00:00 2178,  
150e58a69478d361873de60dff6c5d39,  Locality 3,  f7f31b9d342ad6f1ff7bec94ed8f501a, x, y, lat, long, 0, 0, 0, -1,  Joint, 79.67642212, 164.194458, 74.19445801, 0.90054321,  Unit B,  Fri Aug 18 00:00:00 2179,  
150e58a69478d361873de60dff6c5d39,  Locality 3,  03e13d17a8d3be2ae84e234157c86752, x, y, lat, long, 0, 0, 0, -1,  Joint, 79.24194336, 165.1554413, 75.15544128, 0.90054321,  Unit B,  Fri Aug 18 00:00:00 2180,  
150e58a69478d361873de60dff6c5d39,  Locality 3,  d292d462dbc005866aa0c6d55d78bd23, x, y, lat, long, 0, 0, 0, -1,  Joint, 80.19029236, 166.061142, 76.06114197, 0.90054321,  Unit B,  Fri Aug 18 00:00:00 2181,  
150e58a69478d361873de60dff6c5d39,  Locality 3,  216e3dc466d3d3ff18a50aa8eefdae31, x, y, lat, long, 0, 0, 0, -1,  Joint, 82.79689789, 163.9577789, 73.95777893, 0.90054321,  Unit B,  Fri Aug 18 00:00:00 2182,  
150e58a69478d361873de60dff6c5d39,  Locality 3,  66a5a1640d8dd78c6913aa915b973399, x, y, lat, long, 0, 0, 0, -1,  Joint, 70.63903809, 164.3347931, 74.33479309, 0.90054321,  Unit B,  Fri Aug 18 00:00:00 2183,  
150e58a69478d361873de60dff6c5d39,  Locality 4,  9b8374d2e68fe2025073d8f7294e928b, x, y, lat, long, 0, 0, 0, -1,  Joint, 83.34794617, 166.4369812, 76.4369812, 0.90054321,  Unit B,  Fri Aug 18 00:00:00 2184,  
150e58a69478d361873de60dff6c5d39,  Locality 4,  b2e498011f61adaef102be21b49e6c93, x, y, lat, long, 0, 0, 0, -1,  Joint, 76.6473465, 230.8038483, 140.8038483, 0.90054321,  Unit B,  Fri Aug 18 00:00:00 2185,  
150e58a69478d361873de60dff6c5d39,  Locality 4,  a4d123c5925dc40add24168fd2fb7114, x, y, lat, long, 0, 0, 0, -1,  Joint, 77.53935242, 232.0467987, 142.0467987, 0.90054321,  Unit B,  Fri Aug 18 00:00:00 2186,  
150e58a69478d361873de60dff6c5d39,  Locality 4,  937d764962dfa58afd8a484ed577ff32, x, y, lat, long, 0, 0, 0, -1,  Joint, 89, 165.108429, 75.10842896, 0.90054321,  Unit B,  Fri Aug 18 00:00:00 2187,  
150e58a69478d361873de60dff6c5d39,  Locality 4,  8540350b18bb7d32fbe76ea6cd5c1114, x, y, lat, long, 0, 0, 0, -1,  Joint, 88.00950623, 347.512085, 257.512085, 0.90054321,  Unit B,  Fri Aug 18 00:00:00 2188,  
150e58a69478d361873de60dff6c5d39,  Locality 4,  b0c2f3d5650aa280b9db884d07b10a60, x, y, lat, long, 0, 0, 0, -1,  Joint, 71.96881104, 342.2350769, 252.2350769, 0.90054321,  Unit B,  Fri Aug 18 00:00:00 2189,  
150e58a69478d361873de60dff6c5d39,  Locality 4,  73b277e7eb504c6c19399d273b105494, x, y, lat, long, 0, 0, 0, -1,  Cleavage, 33.70666504, 65.82534027, 335.8253479, 0.90054321,  Unit B,  Fri Aug 18 00:00:00 2190,  
150e58a69478d361873de60dff6c5d39,  Locality 4,  7bcb0478aa76c5ed71167ba085ce8b8d, x, y, lat, long, 0, 0, 0, -1,  Cleavage, 85.05910492, 312.0057068, 222.0057068, 0.90054321,  Unit B,  Fri Aug 18 00:00:00 2191,  
150e58a69478d361873de60dff6c5d39,  Locality 4,  984697ea663cbd0bb66c90c84b172f53, x, y, lat, long, 0, 0, 0, -1,  Bedding, 8.18846321, 234.353775, 144.353775, 0.90054321,  Unit B,  Fri Aug 18 00:00:00 2192,  
150e58a69478d361873de60dff6c5d39,  Locality 4,  6063271890bb317918b62aa05ca5b4a1, x, y, lat, long, 0, 0, 0, -1,  Joint, 21.6429615, 2.31884909, 272.3188477, 0.90054321,  Unit B,  Fri Aug 18 00:00:00 2193,  
150e58a69478d361873de60dff6c5d39,  Locality 4,  f455a990846a603507ff1d3d9157b8f6, x, y, lat, long, 0, 0, 0, -1,  Joint, 89, 348.7571411, 258.7571411, 0.90054321,  Unit B,  Fri Aug 18 00:00:00 2194,  
150e58a69478d361873de60dff6c5d39,  Locality 4,  8cfa3482a67d46fc45984600c6d6fa4f, x, y, lat, long, 0, 0, 0, -1,  Joint, 44.83888245, 36.93813705, 306.9381409, 0.90054321,  Unit B,  Fri Aug 18 00:00:00 2195,  
150e58a69478d361873de60dff6c5d39,  Locality 4,  69f32942a64dcca75b54d056a5452055, x, y, lat, long, 0, 0, 0, -1,  Joint, 78.05983734, 162.1338959, 72.13389587, 0.90054321,  Unit B,  Fri Aug 18 00:00:00 2196,  
150e58a69478d361873de60dff6c5d39,  Locality 4,  9c34d57ac95838ee97e6fc32e22af692, x, y, lat, long, 0, 0, 0, -1,  Joint, 85.95820618, 163.9642639, 73.96426392, 0.90054321,  Unit B,  Fri Aug 18 00:00:00 2197,  
150e58a69478d361873de60dff6c5d39,  Locality 4,  f9bca4446b6a129ca59ed1508db30a6b, x, y, lat, long, 0, 0, 0, -1,  Joint, 26.86628914, 296.4436951, 206.4436951, 0.90054321,  Unit B,  Fri Aug 18 00:00:00 2198,  
150e58a69478d361873de60dff6c5d39,  Locality 4,  3cbd9cb314992ad74a5ef98339f94dcc, x, y, lat, long, 0, 0, 0, -1,  Joint, 34.52833939, 337.3625183, 247.3625183, 0.90054321,  Unit B,  Fri Aug 18 00:00:00 2199,  
150e58a69478d361873de60dff6c5d39,  Locality 4,  5e306f99e90811cd4a416c22bee8aeae, x, y, lat, long, 0, 0, 0, -1,  Joint, 89, 165.3877258, 75.38772583, 0.90054321,  Unit B,  Fri Aug 18 00:00:00 2200,  
150e58a69478d361873de60dff6c5d39,  Locality 4,  1d4df0afed1def645b7fcb87a2e90069, x, y, lat, long, 0, 0, 0, -1,  Joint, 38.58552933, 42.18367386, 312.1836853, 0.90054321,  Unit B,  Fri Aug 18 00:00:00 2201,  
150e58a69478d361873de60dff6c5d39,  Locality 4,  a1e8bb7ef9c1c2a9ba4fcd05529d370b, x, y, lat, long, 0, 0, 0, -1,  Joint, 57.99240875, 158.8201141, 68.82011414, 0.90054321,  Unit B,  Fri Aug 18 00:00:00 2202,  
150e58a69478d361873de60dff6c5d39,  Locality 4,  55902ce1eefb0deeed93e8de3f77473b, x, y, lat, long, 0, 0, 0, -1,  Joint, 48.61336517, 35.82303238, 305.8230286, 0.90054321,  Unit B,  Fri Aug 18 00:00:00 2203,  
150e58a69478d361873de60dff6c5d39,  Locality 4,  92cdedcad6ba6aa56a36d8e2678fe6f8, x, y, lat, long, 0, 0, 0, -1,  Joint, 79.51820374, 35.99263382, 305.9926453, 0.90054321,  Unit B,  Fri Aug 18 00:00:00 2204,  
150e58a69478d361873de60dff6c5d39,  Locality 4,  e47288cc56434a98e80712be2578a08e, x, y, lat, long, 0, 0, 0, -1,  Joint, 42.3901825, 29.58845139, 299.5884399, 0.90054321,  Unit B,  Fri Aug 18 00:00:00 2205,  
150e58a69478d361873de60dff6c5d39,  Locality 4,  92134a1ed9d95ca9460d2b1bcf9ceb72, x, y, lat, long, 0, 0, 0, -1,  Joint, 89, 163.9577332, 73.95773315, 0.90054321,  Unit B,  Fri Aug 18 00:00:00 2206,  
150e58a69478d361873de60dff6c5d39,  Locality 4,  5d5127fedc88c062094d526b936153a1, x, y, lat, long, 0, 0, 0, -1,  Joint, 38.92356873, 40.83806992, 310.8380737, 0.90054321,  Unit B,  Fri Aug 18 00:00:00 2207,  
150e58a69478d361873de60dff6c5d39,  Locality 4,  20beb9bb9788565afba38a3dd21d30f8, x, y, lat, long, 0, 0, 0, -1,  Joint, 48.5958786, 34.70620346, 304.7062073, 0.90054321,  Unit B,  Fri Aug 18 00:00:00 2208,  
150e58a69478d361873de60dff6c5d39,  Locality 4,  f28f3f6801a43c51a361dc122da0fa7e, x, y, lat, long, 0, 0, 0, -1,  Joint, 65.67061615, 31.02626038, 301.0262451, 0.90054321,  Unit B,  Fri Aug 18 00:00:00 2209,  
150e58a69478d361873de60dff6c5d39,  Locality 4,  e5e977874d5c159ac88fc74ba64cdf23, x, y, lat, long, 0, 0, 0, -1,  Joint, 85.4682312, 158.0019379, 68.00193787, 0.90054321,  Unit B,  Fri Aug 18 00:00:00 2210,  
150e58a69478d361873de60dff6c5d39,  Locality 4,  d868db1522a824ee2c26f07c605b14e0, x, y, lat, long, 0, 0, 0, -1,  Joint, 80.39350891, 354.525116, 264.525116, 0.90054321,  Unit B,  Fri Aug 18 00:00:00 2211,  
150e58a69478d361873de60dff6c5d39,  Locality 4,  9ba6a6ad354ce561afb708310279fb7c, x, y, lat, long, 0, 0, 0, -1,  Joint, 59.85136795, 141.1425781, 51.14257812, 0.90054321,  Unit B,  Fri Aug 18 00:00:00 2212,  
150e58a69478d361873de60dff6c5d39,  Locality 4,  14d864e78a39e2eaaf1b6a0889bc5a4c, x, y, lat, long, 0, 0, 0, -1,  Joint, 88.90262604, 340.5453796, 250.5453796, 0.90054321,  Unit B,  Fri Aug 18 00:00:00 2213,  
150e58a69478d361873de60dff6c5d39,  Locality 4,  cee318db2802e886d6d5214de1716bb2, x, y, lat, long, 0, 0, 0, -1,  Joint, 43.36510468, 34.25624466, 304.2562561, 0.90054321,  Unit B,  Fri Aug 18 00:00:00 2214,  
150e58a69478d361873de60dff6c5d39,  Locality 4,  7e7d6c9005663939593bb90170c01bfe, x, y, lat, long, 0, 0, 0, -1,  Joint, 44.87991714, 47.02138901, 317.0213928, 0.90054321,  Unit B,  Fri Aug 18 00:00:00 2215,  
150e58a69478d361873de60dff6c5d39,  Locality 4,  6cb8edea5370574ba1837e84b0271f39, x, y, lat, long, 0, 0, 0, -1,  Joint, 86.93454742, 140.8516846, 50.85168457, 0.90054321,  Unit B,  Fri Aug 18 00:00:00 2216,  
150e58a69478d361873de60dff6c5d39,  Locality 4,  71d798d7fd42f5c6303af8caefd5eeb5, x, y, lat, long, 0, 0, 0, -1,  Joint, 87.91313171, 340.3957214, 250.3957214, 0.90054321,  Unit B,  Fri Aug 18 00:00:00 2217,  
150e58a69478d361873de60dff6c5d39,  Locality 4,  6305f84a7c7ba2e466abc05c946189b5, x, y, lat, long, 0, 0, 0, -1,  Joint, 82.85137939, 337.9916077, 247.9916077, 0.90054321,  Unit B,  Fri Aug 18 00:00:00 2218,  
150e58a69478d361873de60dff6c5d39,  Locality 4,  128f6baacea7bce49919944664ccea3e, x, y, lat, long, 0, 0, 0, -1,  Joint, 56.71725845, 40.02285004, 310.0228577, 0.90054321,  Unit B,  Fri Aug 18 00:00:00 2219,  
150e58a69478d361873de60dff6c5d39,  Locality 4,  a059799c8ddf999566ad2ec6735ef76d, x, y, lat, long, 0, 0, 0, -1,  Joint, 49.99604797, 38.50614929, 308.5061646, 0.90054321,  Unit B,  Fri Aug 18 00:00:00 2220,  
150e58a69478d361873de60dff6c5d39,  Locality 4,  76987d73c4787241c65cf466a7cbb02d, x, y, lat, long, 0, 0, 0, -1,  Joint, 86.68828583, 338.8644714, 248.8644714, 0.90054321,  Unit B,  Fri Aug 18 00:00:00 2221,  
150e58a69478d361873de60dff6c5d39,  Locality 4,  7835c6b5514e602654663e50c457f57b, x, y, lat, long, 0, 0, 0, -1,  Joint, 69.64031982, 346.4467163, 256.4467163, 0.90054321,  Unit B,  Fri Aug 18 00:00:00 2222,  
150e58a69478d361873de60dff6c5d39,  Locality 4,  98e0e96de661495194fa126a6c00ca3d, x, y, lat, long, 0, 0, 0, -1,  Joint, 53.02033234, 45.91609955, 315.9161072, 0.90054321,  Unit B,  Fri Aug 18 00:00:00 2223,  
150e58a69478d361873de60dff6c5d39,  Locality 4,  7d3389807f9fa3400f9a3f1ec5c58560, x, y, lat, long, 0, 0, 0, -1,  Joint, 53.76813507, 172.3318176, 82.33181763, 0.90054321,  Unit B,  Fri Aug 18 00:00:00 2224,  
150e58a69478d361873de60dff6c5d39,  Locality 4,  2d7570d2983a5ba632225e2bb4c099b9, x, y, lat, long, 0, 0, 0, -1,  Joint, 52.05963516, 153.2627869, 63.26278687, 0.90054321,  Unit B,  Fri Aug 18 00:00:00 2225,  
150e58a69478d361873de60dff6c5d39,  Locality 4,  c872176a5527858a5768552c0d5def1c, x, y, lat, long, 0, 0, 0, -1,  Joint, 88.43688202, 178.6901093, 88.69010925, 0.90054321,  Unit B,  Fri Aug 18 00:00:00 2226,  
150e58a69478d361873de60dff6c5d39,  Locality 4,  32b950215038636c8e0bd20ffefbadff, x, y, lat, long, 0, 0, 0, -1,  Joint, 47.76098251, 40.40881729, 310.4088135, 0.90054321,  Unit B,  Fri Aug 18 00:00:00 2227,  
150e58a69478d361873de60dff6c5d39,  Locality 4,  2565d31fb0587efbce8e4c3a488f1c10, x, y, lat, long, 0, 0, 0, -1,  Joint, 42.04481125, 52.31396103, 322.3139648, 0.90054321,  Unit B,  Fri Aug 18 00:00:00 2228,  
150e58a69478d361873de60dff6c5d39,  Locality 4,  7d44137f468a6a8ecc71eac7c98c4e4a, x, y, lat, long, 0, 0, 0, -1,  Joint, 89, 156.4439087, 66.44390869, 0.90054321,  Unit B,  Fri Aug 18 00:00:00 2229,  
150e58a69478d361873de60dff6c5d39,  Locality 4,  1a2abec62e3304c4bc421543e4064f30, x, y, lat, long, 0, 0, 0, -1,  Joint, 86.72605896, 338.6564331, 248.6564331, 0.90054321,  Unit B,  Fri Aug 18 00:00:00 2230,  
150e58a69478d361873de60dff6c5d39,  Locality 4,  2c7d835f618c25f8322356a37d657c16, x, y, lat, long, 0, 0, 0, -1,  Joint, 46.00830078, 28.10053444, 298.1005249, 0.90054321,  Unit B,  Fri Aug 18 00:00:00 2231,  
150e58a69478d361873de60dff6c5d39,  Locality 4,  2338de7cc60220c13e6fe83423bb56d9, x, y, lat, long, 0, 0, 0, -1,  Joint, 80.12966156, 159.8675842, 69.86758423, 0.90054321,  Unit B,  Fri Aug 18 00:00:00 2232,  
150e58a69478d361873de60dff6c5d39,  Locality 4,  2f8ca9e2e944273ef5e937571b86b8d0, x, y, lat, long, 0, 0, 0, -1,  Joint, 89, 342.9098206, 252.9098206, 0.90054321,  Unit B,  Fri Aug 18 00:00:00 2233,  
150e58a69478d361873de60dff6c5d39,  Locality 4,  06c330f3dca8a720112219d8e81df67c, x, y, lat, long, 0, 0, 0, -1,  Joint, 72.00527954, 155.7597046, 65.75970459, 0.90054321,  Unit B,  Fri Aug 18 00:00:00 2234,  
150e58a69478d361873de60dff6c5d39,  Locality 4,  fc16c4c58ba2e2faf75296fc5c5a0b1c, x, y, lat, long, 0, 0, 0, -1,  Joint, 85.21472168, 161.3695984, 71.36959839, 0.90054321,  Unit B,  Fri Aug 18 00:00:00 2235,  
150e58a69478d361873de60dff6c5d39,  Locality 4,  423addf417de3de1e57d193162e6b3f9, x, y, lat, long, 0, 0, 0, -1,  Joint, 83.7335968, 162.8460693, 72.84606934, 0.90054321,  Unit B,  Fri Aug 18 00:00:00 2236,  
150e58a69478d361873de60dff6c5d39,  Locality 4,  456a04e99938c9f24abf2468bb7239d2, x, y, lat, long, 0, 0, 0, -1,  Joint, 87.92145538, 156.5261231, 66.52612305, 0.90054321,  Unit B,  Fri Aug 18 00:00:00 2237,  
150e58a69478d361873de60dff6c5d39,  Locality 4,  b3e2238aff19f91ea18a19df76f8e8f8, x, y, lat, long, 0, 0, 0, -1,  Joint, 84.72532654, 166.0095673, 76.00956726, 0.90054321,  Unit B,  Fri Aug 18 00:00:00 2238,  
150e58a69478d361873de60dff6c5d39,  Locality 4,  3cc453c05f6afe5f8b990e641d728c1f, x, y, lat, long, 0, 0, 0, -1,  Bedding, 4.015944, 138.8328247, 48.83282471, 0.90054321,  Unit B,  Fri Aug 18 00:00:00 2239,  
150e58a69478d361873de60dff6c5d39,  Locality 4,  c681c47125ecad27b25198210dbb4e8c, x, y, lat, long, 0, 0, 0, -1,  Joint, 70.39234924, 52.26460648, 322.2646179, 0.90054321,  Unit B,  Fri Aug 18 00:00:00 2240,  
150e58a69478d361873de60dff6c5d39,  Locality 4,  cc38fc81bb0c9148c5472ecf1845631c, x, y, lat, long, 0, 0, 0, -1,  Joint, 83.15937042, 163.4338532, 73.43385315, 0.90054321,  Unit B,  Fri Aug 18 00:00:00 2241,  
150e58a69478d361873de60dff6c5d39,  Locality 4,  e2a4e34b61057fd6f27cba5e10e7a51d, x, y, lat, long, 0, 0, 0, -1,  Joint, 88.98684692, 161.4229279, 71.42292786, 0.90054321,  Unit B,  Fri Aug 18 00:00:00 2242,  
150e58a69478d361873de60dff6c5d39,  Locality 4,  14b8daf4cd11783d79d5e2dd216158b7, x, y, lat, long, 0, 0, 0, -1,  Joint, 49.53300858, 46.06101227, 316.0610046, 0.90054321,  Unit B,  Fri Aug 18 00:00:00 2243,  
150e58a69478d361873de60dff6c5d39,  Locality 4,  00dcd5640adaa84b17e522074230de41, x, y, lat, long, 0, 0, 0, -1,  Joint, 69.85746765, 151.8813171, 61.88131714, 0.90054321,  Unit B,  Fri Aug 18 00:00:00 2244,  
150e58a69478d361873de60dff6c5d39,  Locality 4,  46c4ff1bf1d75d596b9aba3d4eec346b, x, y, lat, long, 0, 0, 0, -1,  Joint, 51.00955963, 128.7310944, 38.73109436, 0.90054321,  Unit B,  Fri Aug 18 00:00:00 2245,  
150e58a69478d361873de60dff6c5d39,  Locality 4,  be6d7f288785526d8a1637a38ccd54c0, x, y, lat, long, 0, 0, 0, -1,  Joint, 83.581604, 159.0488892, 69.04888916, 0.90054321,  Unit B,  Fri Aug 18 00:00:00 2246,  
150e58a69478d361873de60dff6c5d39,  Locality 4,  949018d95d7ecacd2ad397de92f2fd28, x, y, lat, long, 0, 0, 0, -1,  Joint, 83.83989716, 160.7792206, 70.77922058, 0.90054321,  Unit B,  Fri Aug 18 00:00:00 2247,  
150e58a69478d361873de60dff6c5d39,  Locality 4,  71686983e43358517b010d4325c94803, x, y, lat, long, 0, 0, 0, -1,  Joint, 81.88603973, 156.6912231, 66.69122314, 0.90054321,  Unit B,  Fri Aug 18 00:00:00 2248,  
150e58a69478d361873de60dff6c5d39,  Locality 4,  4f12bc637e18e642bbb31df36825dee1, x, y, lat, long, 0, 0, 0, -1,  Joint, 83.47708893, 160.5567169, 70.55671692, 0.90054321,  Unit B,  Fri Aug 18 00:00:00 2249,  
150e58a69478d361873de60dff6c5d39,  Locality 4,  fc93b25d9df7677acc5ac5e1b0371917, x, y, lat, long, 0, 0, 0, -1,  Joint, 79.67682648, 163.5549774, 73.55497742, 0.90054321,  Unit B,  Fri Aug 18 00:00:00 2250,  
150e58a69478d361873de60dff6c5d39,  Locality 4,  78113096c439e98a28906bf4d7ff50c0, x, y, lat, long, 0, 0, 0, -1,  Joint, 38.80622864, 47.08136749, 317.0813599, 0.90054321,  Unit B,  Fri Aug 18 00:00:00 2251,  
150e58a69478d361873de60dff6c5d39,  Locality 4,  278377a68d6e1bf9e26731b03aa429da, x, y, lat, long, 0, 0, 0, -1,  Joint, 78.05860901, 159.399765, 69.39976501, 0.90054321,  Unit B,  Fri Aug 18 00:00:00 2252,  
150e58a69478d361873de60dff6c5d39,  Locality 4,  1d64ef95fb2c21d0bdd4db631385bb24, x, y, lat, long, 0, 0, 0, -1,  Joint, 60.76023483, 63.62446976, 333.6244812, 0.90054321,  Unit B,  Fri Aug 18 00:00:00 2253,  
150e58a69478d361873de60dff6c5d39,  Locality 4,  d667af1f4fd9a8d5bc5ef1a5b0a3af8c, x, y, lat, long, 0, 0, 0, -1,  Joint, 82.69965363, 164.6290283, 74.62902832, 0.90054321,  Unit B,  Fri Aug 18 00:00:00 2254,  
150e58a69478d361873de60dff6c5d39,  Locality 4,  1c949e41e68c651bf5c5a226fcee1701, x, y, lat, long, 0, 0, 0, -1,  Joint, 81.58250427, 160.3175659, 70.31756592, 0.90054321,  Unit B,  Fri Aug 18 00:00:00 2255,  
150e58a69478d361873de60dff6c5d39,  Locality 4,  76ebff25d452214249091d70351a2c23, x, y, lat, long, 0, 0, 0, -1,  Joint, 86.20487976, 275.1941834, 185.1941834, 0.90054321,  Unit B,  Fri Aug 18 00:00:00 2256,  
150e58a69478d361873de60dff6c5d39,  Locality 4,  f8b471d6a20f80863b825304d0e7574f, x, y, lat, long, 0, 0, 0, -1,  Joint, 41.1530571, 41.13825989, 311.1382446, 0.90054321,  Unit B,  Fri Aug 18 00:00:00 2257,  
150e58a69478d361873de60dff6c5d39,  Locality 4,  e36f39ef218b7daf23e1d4f5448ecae0, x, y, lat, long, 0, 0, 0, -1,  Joint, 79.36568451, 157.5862274, 67.58622742, 0.90054321,  Unit B,  Fri Aug 18 00:00:00 2258,  
150e58a69478d361873de60dff6c5d39,  Locality 4,  2d14775d9bf79b733db261b4eec9a5dc, x, y, lat, long, 0, 0, 0, -1,  Joint, 82.7962265, 162.6631775, 72.66317749, 0.90054321,  Unit B,  Fri Aug 18 00:00:00 2259,  
150e58a69478d361873de60dff6c5d39,  Locality 4,  dcd6cab02c4f4fb43436178c8b87a6fa, x, y, lat, long, 0, 0, 0, -1,  Joint, 56.90866089, 134.4779511, 44.47795105, 0.90054321,  Unit B,  Fri Aug 18 00:00:00 2260,  
150e58a69478d361873de60dff6c5d39,  Locality 4,  a9628150b6bf2810a447f18a78b86f5c, x, y, lat, long, 0, 0, 0, -1,  Joint, 78.78804016, 161.2301636, 71.23016357, 0.90054321,  Unit B,  Fri Aug 18 00:00:00 2261,  
150e58a69478d361873de60dff6c5d39,  Locality 4,  d4ebe88b3a87172713c62285a24117e3, x, y, lat, long, 0, 0, 0, -1,  Joint, 60.09713745, 48.06248474, 318.0625, 0.90054321,  Unit B,  Fri Aug 18 00:00:00 2262,  
150e58a69478d361873de60dff6c5d39,  Locality 4,  c626294b20b5c8947107779e1fb3bd52, x, y, lat, long, 0, 0, 0, -1,  Joint, 81.98687744, 162.8836823, 72.88368225, 0.90054321,  Unit B,  Fri Aug 18 00:00:00 2263,  
150e58a69478d361873de60dff6c5d39,  Locality 4,  47db9b1477c6116e949e670bd57772dd, x, y, lat, long, 0, 0, 0, -1,  Joint, 53.05455017, 44.1906395, 314.1906433, 0.90054321,  Unit B,  Fri Aug 18 00:00:00 2264,  
150e58a69478d361873de60dff6c5d39,  Locality 4,  63d4ac699e72d486c0528b788d257fcc, x, y, lat, long, 0, 0, 0, -1,  Joint, 80.20754242, 160.2294312, 70.22943115, 0.90054321,  Unit B,  Fri Aug 18 00:00:00 2265,  
150e58a69478d361873de60dff6c5d39,  Locality 4,  9e33c5e369379070425e962c8e6f5256, x, y, lat, long, 0, 0, 0, -1,  Joint, 40.72071838, 33.4090538, 303.4090576, 0.90054321,  Unit B,  Fri Aug 18 00:00:00 2266,  
150e58a69478d361873de60dff6c5d39,  Locality 4,  cc7bb5d4aba72a474552301f505512ef, x, y, lat, long, 0, 0, 0, -1,  Joint, 73.98750305, 157.0010681, 67.00106812, 0.90054321,  Unit B,  Fri Aug 18 00:00:00 2267,  
150e58a69478d361873de60dff6c5d39,  Locality 4,  234b80649cc7d4d1cb5f4b2c2da4e653, x, y, lat, long, 0, 0, 0, -1,  Joint, 48.60943985, 39.50666428, 309.5066528, 0.90054321,  Unit B,  Fri Aug 18 00:00:00 2268,  
150e58a69478d361873de60dff6c5d39,  Locality 4,  d2b1fd2e6e3c961790460854d5e9cde5, x, y, lat, long, 0, 0, 0, -1,  Joint, 82.24727631, 154.4489136, 64.44891357, 0.90054321,  Unit B,  Fri Aug 18 00:00:00 2269,  
150e58a69478d361873de60dff6c5d39,  Locality 4,  4976001475e139397ecc8c054911b3a5, x, y, lat, long, 0, 0, 0, -1,  Joint, 48.38049698, 58.3467598, 328.3467712, 0.90054321,  Unit B,  Fri Aug 18 00:00:00 2270,  
150e58a69478d361873de60dff6c5d39,  Locality 4,  07074393970a218a25b7963dd73c3249, x, y, lat, long, 0, 0, 0, -1,  Joint, 71.5026474, 134.3500977, 44.35009766, 0.90054321,  Unit B,  Fri Aug 18 00:00:00 2271,  
150e58a69478d361873de60dff6c5d39,  Locality 4,  967af50fee9227b19610311ea0808fa8, x, y, lat, long, 0, 0, 0, -1,  Joint, 82.54788208, 159.9870453, 69.98704529, 0.90054321,  Unit B,  Fri Aug 18 00:00:00 2272,  
150e58a69478d361873de60dff6c5d39,  Locality 4,  e449504dc72368e3e3b5326f12c56edf, x, y, lat, long, 0, 0, 0, -1,  Joint, 75.61508942, 161.4456635, 71.44566345, 0.90054321,  Unit B,  Fri Aug 18 00:00:00 2273,  
150e58a69478d361873de60dff6c5d39,  Locality 4,  2ed79cda00ad53368c9bc63b9b0548ee, x, y, lat, long, 0, 0, 0, -1,  Joint, 54.59763336, 53.23538589, 323.2353821, 0.90054321,  Unit B,  Fri Aug 18 00:00:00 2274,  
150e58a69478d361873de60dff6c5d39,  Locality 4,  e6c93b05d498347aa938c499ef128b00, x, y, lat, long, 0, 0, 0, -1,  Joint, 65.64443207, 74.58805084, 344.5880432, 0.90054321,  Unit B,  Fri Aug 18 00:00:00 2275,  
150e58a69478d361873de60dff6c5d39,  Locality 4,  d32dea41bfa1f2055ce28331ce40deb4, x, y, lat, long, 0, 0, 0, -1,  Joint, 50.90221405, 49.14246368, 319.1424561, 0.90054321,  Unit B,  Fri Aug 18 00:00:00 2276,  
150e58a69478d361873de60dff6c5d39,  Locality 4,  25afe277dfd9d74c7f9af97b90566373, x, y, lat, long, 0, 0, 0, -1,  Joint, 82.18424988, 161.8215179, 71.82151794, 0.90054321,  Unit B,  Fri Aug 18 00:00:00 2277,  
150e58a69478d361873de60dff6c5d39,  Locality 4,  c25e5fbce297ae52e6ce748a7fa4a3fe, x, y, lat, long, 0, 0, 0, -1,  Joint, 55.23471832, 66.00328064, 336.0032959, 0.90054321,  Unit B,  Fri Aug 18 00:00:00 2278,  
150e58a69478d361873de60dff6c5d39,  Locality 4,  dcdeb1ea52e0ab5885fde59bf067f283, x, y, lat, long, 0, 0, 0, -1,  Joint, 69.15970612, 58.41969299, 328.4196777, 0.90054321,  Unit B,  Fri Aug 18 00:00:00 2279,  
150e58a69478d361873de60dff6c5d39,  Locality 4,  612470d259f1318b9731a8c9fd391082, x, y, lat, long, 0, 0, 0, -1,  Joint, 76.22694397, 153.7535706, 63.75357056, 0.90054321,  Unit B,  Fri Aug 18 00:00:00 2280,  
150e58a69478d361873de60dff6c5d39,  Locality 4,  9389ef2bb9e8403eb492a3bc983fba24, x, y, lat, long, 0, 0, 0, -1,  Joint, 62.20687103, 54.27119446, 324.2711792, 0.90054321,  Unit B,  Fri Aug 18 00:00:00 2281,  
150e58a69478d361873de60dff6c5d39,  Locality 4,  d8e2aa469672afac392f8379366bc805, x, y, lat, long, 0, 0, 0, -1,  Joint, 82.41390228, 163.2708588, 73.27085876, 0.90054321,  Unit B,  Fri Aug 18 00:00:00 2282,  
150e58a69478d361873de60dff6c5d39,  Locality 4,  0e2f7a7dd768eb1bd3234bc7226babec, x, y, lat, long, 0, 0, 0, -1,  Joint, 54.51972961, 170.7671967, 80.76719666, 0.90054321,  Unit B,  Fri Aug 18 00:00:00 2283,  
150e58a69478d361873de60dff6c5d39,  Locality 4,  fb67dfba02c43da2df91acc79b507f26, x, y, lat, long, 0, 0, 0, -1,  Joint, 80.77387238, 158.8585053, 68.85850525, 0.90054321,  Unit B,  Fri Aug 18 00:00:00 2284,  
150e58a69478d361873de60dff6c5d39,  Locality 4,  e84beca6840bfd88021ac85b528c8cec, x, y, lat, long, 0, 0, 0, -1,  Joint, 80.15164185, 160.2813873, 70.28138733, 0.90054321,  Unit B,  Fri Aug 18 00:00:00 2285,  
150e58a69478d361873de60dff6c5d39,  Locality 4,  a400871b40f083c254ec3c97a6815a1d, x, y, lat, long, 0, 0, 0, -1,  Joint, 51.89686966, 66.46875763, 336.46875, 0.90054321,  Unit B,  Fri Aug 18 00:00:00 2286,  
150e58a69478d361873de60dff6c5d39,  Locality 4,  a647457676ce243246495df54a660359, x, y, lat, long, 0, 0, 0, -1,  Joint, 85.32600403, 164.0460663, 74.04606628, 0.90054321,  Unit B,  Fri Aug 18 00:00:00 2287,  
150e58a69478d361873de60dff6c5d39,  Locality 4,  5b228d6bd48eef7d7d7c6b7800d2ef4d, x, y, lat, long, 0, 0, 0, -1,  Joint, 79.10671997, 162.410965, 72.41096497, 0.90054321,  Unit B,  Fri Aug 18 00:00:00 2288,  
150e58a69478d361873de60dff6c5d39,  Locality 4,  327c2dd1a9b94ca09a33ecda5f08727b, x, y, lat, long, 0, 0, 0, -1,  Joint, 40.25040817, 341.5030518, 251.5030518, 0.90054321,  Unit B,  Fri Aug 18 00:00:00 2289,  
150e58a69478d361873de60dff6c5d39,  Locality 4,  902df523a15dffc0dba5d6981afbe590, x, y, lat, long, 0, 0, 0, -1,  Joint, 82.45275879, 161.3159332, 71.31593323, 0.90054321,  Unit B,  Fri Aug 18 00:00:00 2290,  
150e58a69478d361873de60dff6c5d39,  Locality 4,  801e8052eced84e479233250e1a13519, x, y, lat, long, 0, 0, 0, -1,  Joint, 83.65989685, 161.9637146, 71.9637146, 0.90054321,  Unit B,  Fri Aug 18 00:00:00 2291,  
150e58a69478d361873de60dff6c5d39,  Locality 4,  b2301778fe131475653c60579b936069, x, y, lat, long, 0, 0, 0, -1,  Joint, 79.84317017, 195.5850067, 105.5850067, 0.90054321,  Unit B,  Fri Aug 18 00:00:00 2292,  
150e58a69478d361873de60dff6c5d39,  Locality 4,  81bdd6a70e2348295ab031a0645300b0, x, y, lat, long, 0, 0, 0, -1,  Joint, 89, 349.0296326, 259.0296326, 0.90054321,  Unit B,  Fri Aug 18 00:00:00 2293,  
150e58a69478d361873de60dff6c5d39,  Locality 4,  a4cd6b29989ad5dce57d90899f5727ee, x, y, lat, long, 0, 0, 0, -1,  Joint, 43.72505951, 38.57985306, 308.5798645, 0.90054321,  Unit B,  Fri Aug 18 00:00:00 2294,  
150e58a69478d361873de60dff6c5d39,  Locality 4,  dac846c0d7cf9b19e04486280ba5b60c, x, y, lat, long, 0, 0, 0, -1,  Joint, 86.32025909, 120.186058, 30.18605804, 0.90054321,  Unit B,  Fri Aug 18 00:00:00 2295,  
150e58a69478d361873de60dff6c5d39,  Locality 4,  7e0ee5820f7fe05a7f93e38a30f84d97, x, y, lat, long, 0, 0, 0, -1,  Joint, 84.55927277, 162.4601135, 72.46011353, 0.90054321,  Unit B,  Fri Aug 18 00:00:00 2296,  
150e58a69478d361873de60dff6c5d39,  Locality 4,  19e9186a521223123212eac19a8e061b, x, y, lat, long, 0, 0, 0, -1,  Joint, 79.58378601, 164.838562, 74.83856201, 0.90054321,  Unit B,  Fri Aug 18 00:00:00 2297,  
150e58a69478d361873de60dff6c5d39,  Locality 4,  fb18e72f58010b598591596af33aad61, x, y, lat, long, 0, 0, 0, -1,  Joint, 81.23725891, 160.2304535, 70.23045349, 0.90054321,  Unit B,  Fri Aug 18 00:00:00 2298,  
150e58a69478d361873de60dff6c5d39,  Locality 5,  9c4209c3b0832605ec7969f0be77e727, x, y, lat, long, 0, 0, 0, -1,  Joint, 59.10367203, 58.35996246, 328.3599548, 0.90054321,  Unit B,  Fri Aug 18 00:00:00 2299,  
150e58a69478d361873de60dff6c5d39,  Locality 5,  99bac612f0418f99206b561c714f2443, x, y, lat, long, 0, 0, 0, -1,  Joint, 57.45514679, 46.48613739, 316.486145, 0.90054321,  Unit B,  Fri Aug 18 00:00:00 2300,  
150e58a69478d361873de60dff6c5d39,  Locality 5,  ddf0ad993da2ac22fd2286cf045e81de, x, y, lat, long, 0, 0, 0, -1,  Joint, 71.43859863, 326.4150085, 236.4150085, 0.90054321,  Unit B,  Fri Aug 18 00:00:00 2301,  
150e58a69478d361873de60dff6c5d39,  Locality 5,  8802b66269dd63dba0be48ba7ec46de6, x, y, lat, long, 0, 0, 0, -1,  Joint, 64.14897919, 34.15441132, 304.154419, 0.90054321,  Unit B,  Fri Aug 18 00:00:00 2302,  
150e58a69478d361873de60dff6c5d39,  Locality 5,  0630b80d8b2b30a90772f6ca23769f8e, x, y, lat, long, 0, 0, 0, -1,  Joint, 82.77117157, 157.641098, 67.64109802, 0.90054321,  Unit B,  Fri Aug 18 00:00:00 2303,  
150e58a69478d361873de60dff6c5d39,  Locality 5,  a0aa126b65b64695bf156f1ac2060375, x, y, lat, long, 0, 0, 0, -1,  Joint, 79.06282043, 161.3623962, 71.36239624, 0.90054321,  Unit B,  Fri Aug 18 00:00:00 2304,  
150e58a69478d361873de60dff6c5d39,  Locality 5,  c8a27a28225e7e116c7b940e02e70d0e, x, y, lat, long, 0, 0, 0, -1,  Joint, 58.11872482, 38.98913574, 308.9891357, 0.90054321,  Unit B,  Fri Aug 18 00:00:00 2305,  
150e58a69478d361873de60dff6c5d39,  Locality 5,  f54a7be2029b3071cf70d646bfa12e11, x, y, lat, long, 0, 0, 0, -1,  Joint, 40.43810272, 33.03311157, 303.0331116, 0.90054321,  Unit B,  Fri Aug 18 00:00:00 2306,  
150e58a69478d361873de60dff6c5d39,  Locality 5,  7d3a212560a623b03e512ab342d722b1, x, y, lat, long, 0, 0, 0, -1,  Joint, 73.47751617, 324.0734253, 234.0734253, 0.90054321,  Unit B,  Fri Aug 18 00:00:00 2307,  
150e58a69478d361873de60dff6c5d39,  Locality 5,  8971e7fb1249883166b3108301cc6bc9, x, y, lat, long, 0, 0, 0, -1,  Joint, 53.33612823, 40.37153625, 310.371521, 0.90054321,  Unit B,  Fri Aug 18 00:00:00 2308,  
150e58a69478d361873de60dff6c5d39,  Locality 5,  0770e82ba8792053bc3a4184d63134aa, x, y, lat, long, 0, 0, 0, -1,  Joint, 57.27642822, 36.37797928, 306.3779907, 0.90054321,  Unit B,  Fri Aug 18 00:00:00 2309,  
150e58a69478d361873de60dff6c5d39,  Locality 5,  cb41c2ed980ca06b71c57ce2bfdf8c7f, x, y, lat, long, 0, 0, 0, -1,  Joint, 65.02655792, 141.8224793, 51.82247925, 0.90054321,  Unit B,  Fri Aug 18 00:00:00 2310,  
150e58a69478d361873de60dff6c5d39,  Locality 5,  bc49b5e34bf93b0eeaa8efc9a47dcba0, x, y, lat, long, 0, 0, 0, -1,  Joint, 79.06650543, 165.7740021, 75.77400208, 0.90054321,  Unit B,  Fri Aug 18 00:00:00 2311,  
150e58a69478d361873de60dff6c5d39,  Locality 5,  b78d9c0b23e2f43bcd333f5fd78b764c, x, y, lat, long, 0, 0, 0, -1,  Joint, 61.43080139, 10.57363892, 280.5736389, 0.90054321,  Unit B,  Fri Aug 18 00:00:00 2312,  
150e58a69478d361873de60dff6c5d39,  Locality 5,  a6a8726679dc6cd2bb7cec92183631df, x, y, lat, long, 0, 0, 0, -1,  Joint, 76.07814026, 317.5218201, 227.5218201, 0.90054321,  Unit B,  Fri Aug 18 00:00:00 2313,  
150e58a69478d361873de60dff6c5d39,  Locality 5,  7bb48a611473f002aac6fcae5271295b, x, y, lat, long, 0, 0, 0, -1,  Joint, 56.08971786, 37.70705795, 307.7070618, 0.90054321,  Unit B,  Fri Aug 18 00:00:00 2314,  
150e58a69478d361873de60dff6c5d39,  Locality 5,  1272a0d0c39bde80091f1da29bdb6027, x, y, lat, long, 0, 0, 0, -1,  Joint, 89, 177.1339111, 87.13391113, 0.90054321,  Unit B,  Fri Aug 18 00:00:00 2315,  
150e58a69478d361873de60dff6c5d39,  Locality 5,  1cabf3a4e0f26802879da775ee8d887c, x, y, lat, long, 0, 0, 0, -1,  Joint, 84.9043808, 356.6681519, 266.6681519, 0.90054321,  Unit B,  Fri Aug 18 00:00:00 2316,  
150e58a69478d361873de60dff6c5d39,  Locality 5,  f44461017121353dc0a94943ed544157, x, y, lat, long, 0, 0, 0, -1,  Joint, 83.00115204, 110.4459534, 20.44595337, 0.90054321,  Unit B,  Fri Aug 18 00:00:00 2317,  
150e58a69478d361873de60dff6c5d39,  Locality 5,  b0f4da4805945e607bdb4c3aa6664fd2, x, y, lat, long, 0, 0, 0, -1,  Joint, 65.08106995, 316.0794678, 226.0794678, 0.90054321,  Unit B,  Fri Aug 18 00:00:00 2318,  
150e58a69478d361873de60dff6c5d39,  Locality 5,  76baefebaaa7fedbf137567aa434ff8b, x, y, lat, long, 0, 0, 0, -1,  Joint, 50.81122971, 43.23575211, 313.2357483, 0.90054321,  Unit B,  Fri Aug 18 00:00:00 2319,  
150e58a69478d361873de60dff6c5d39,  Locality 5,  8a5e4d7c9779575e069f3618a850d99d, x, y, lat, long, 0, 0, 0, -1,  Joint, 85.86222839, 219.8224487, 129.8224487, 0.90054321,  Unit B,  Fri Aug 18 00:00:00 2320,  
150e58a69478d361873de60dff6c5d39,  Locality 5,  fc7d5935ef24a16dcfa8c8559a6bf3c3, x, y, lat, long, 0, 0, 0, -1,  Joint, 86.22333527, 37.86830902, 307.8683167, 0.90054321,  Unit B,  Fri Aug 18 00:00:00 2321,  
150e58a69478d361873de60dff6c5d39,  Locality 5,  e66b3a9819d88f87633050ac1bd6bd21, x, y, lat, long, 0, 0, 0, -1,  Joint, 54.4119072, 47.69306183, 317.6930542, 0.90054321,  Unit B,  Fri Aug 18 00:00:00 2322,  
150e58a69478d361873de60dff6c5d39,  Locality 5,  85b900667a868ca004fb7e072ed40a7f, x, y, lat, long, 0, 0, 0, -1,  Joint, 65.21086121, 136.0831604, 46.0831604, 0.90054321,  Unit B,  Fri Aug 18 00:00:00 2323,  
150e58a69478d361873de60dff6c5d39,  Locality 5,  836656e197dae2b10fa7001c0bab951f, x, y, lat, long, 0, 0, 0, -1,  Joint, 40.19758987, 349.2640076, 259.2640076, 0.90054321,  Unit B,  Fri Aug 18 00:00:00 2324,  
150e58a69478d361873de60dff6c5d39,  Locality 5,  9c57c0b67ed2991966e326cb2e6e727d, x, y, lat, long, 0, 0, 0, -1,  Joint, 85.1533432, 167.1942139, 77.19421387, 0.90054321,  Unit B,  Fri Aug 18 00:00:00 2325,  
150e58a69478d361873de60dff6c5d39,  Locality 5,  d03160ce2813d729f8fc92c6e6477772, x, y, lat, long, 0, 0, 0, -1,  Joint, 77.54155731, 166.3791199, 76.37911987, 0.90054321,  Unit B,  Fri Aug 18 00:00:00 2326,  
150e58a69478d361873de60dff6c5d39,  Locality 5,  18ae8c342fb8f8d2fc5b4d52d2633690, x, y, lat, long, 0, 0, 0, -1,  Joint, 79.28771973, 168.4704742, 78.47047424, 0.90054321,  Unit B,  Fri Aug 18 00:00:00 2327,  
150e58a69478d361873de60dff6c5d39,  Locality 5,  571bcf5d8e32e46a30f5962178746d2e, x, y, lat, long, 0, 0, 0, -1,  Joint, 67.5371933, 180.2269592, 90.22695923, 0.90054321,  Unit B,  Fri Aug 18 00:00:00 2328,  
150e58a69478d361873de60dff6c5d39,  Locality 5,  b9896f1040360efd080f8af2fb88fe8a, x, y, lat, long, 0, 0, 0, -1,  Joint, 59.84971619, 17.77122116, 287.7712402, 0.90054321,  Unit B,  Fri Aug 18 00:00:00 2329,  
150e58a69478d361873de60dff6c5d39,  Locality 5,  d68e40b17fef5f62940ed7926eb7af71, x, y, lat, long, 0, 0, 0, -1,  Joint, 65.78958893, 76.04981995, 346.0498047, 0.90054321,  Unit B,  Fri Aug 18 00:00:00 2330,  
150e58a69478d361873de60dff6c5d39,  Locality 5,  9de5f941d5962afb395bea2bfb311f6c, x, y, lat, long, 0, 0, 0, -1,  Joint, 88.69589233, 180.5388184, 90.53881836, 0.90054321,  Unit B,  Fri Aug 18 00:00:00 2331,  
150e58a69478d361873de60dff6c5d39,  Locality 5,  40c41d0201c2f710143cb43765827142, x, y, lat, long, 0, 0, 0, -1,  Joint, 88.12145233, 325.2338562, 235.2338562, 0.90054321,  Unit B,  Fri Aug 18 00:00:00 2332,  
150e58a69478d361873de60dff6c5d39,  Locality 5,  337678f3aa1da1bc9888577867bec62d, x, y, lat, long, 0, 0, 0, -1,  Joint, 49.12322235, 62.17593384, 332.1759338, 0.90054321,  Unit B,  Fri Aug 18 00:00:00 2333,  
150e58a69478d361873de60dff6c5d39,  Locality 5,  83769775dd0c70d609ac01f5b5f1ac1c, x, y, lat, long, 0, 0, 0, -1,  Joint, 84.73777771, 163.5265808, 73.52658081, 0.90054321,  Unit B,  Fri Aug 18 00:00:00 2334,  
150e58a69478d361873de60dff6c5d39,  Locality 5,  d7b7cc69be028937a8e286dd5c12081f, x, y, lat, long, 0, 0, 0, -1,  Joint, 82.22738647, 165.1130371, 75.11303711, 0.90054321,  Unit B,  Fri Aug 18 00:00:00 2335,  
150e58a69478d361873de60dff6c5d39,  Locality 5,  9ef7c3f40d6c30b127e9ec27bdf84568, x, y, lat, long, 0, 0, 0, -1,  Joint, 83.39768219, 164.0272522, 74.0272522, 0.90054321,  Unit B,  Fri Aug 18 00:00:00 2336,  
150e58a69478d361873de60dff6c5d39,  Locality 5,  310bec63c34953a36108f7e3efb376ac, x, y, lat, long, 0, 0, 0, -1,  Joint, 83.41738892, 166.252594, 76.25259399, 0.90054321,  Unit B,  Fri Aug 18 00:00:00 2337,  
150e58a69478d361873de60dff6c5d39,  Locality 5,  5ec971d8d73d495e14fc80977203b90c, x, y, lat, long, 0, 0, 0, -1,  Joint, 60.85854721, 43.30096436, 313.3009644, 0.90054321,  Unit B,  Fri Aug 18 00:00:00 2338,  
150e58a69478d361873de60dff6c5d39,  Locality 5,  178f2251338c0a3ae28084fa1f2ebf63, x, y, lat, long, 0, 0, 0, -1,  Joint, 81.81249237, 3.96238399, 273.9624023, 0.90054321,  Unit B,  Fri Aug 18 00:00:00 2339,  
150e58a69478d361873de60dff6c5d39,  Locality 5,  1293f483821b511ab945c49fe40f23b1, x, y, lat, long, 0, 0, 0, -1,  Joint, 70.55142975, 180.967041, 90.96704102, 0.90054321,  Unit B,  Fri Aug 18 00:00:00 2340,  
150e58a69478d361873de60dff6c5d39,  Locality 5,  a44c9ac06bb5777f8d08244966540656, x, y, lat, long, 0, 0, 0, -1,  Joint, 68.32764435, 71.83540344, 341.8353882, 0.90054321,  Unit B,  Fri Aug 18 00:00:00 2341,  
150e58a69478d361873de60dff6c5d39,  Locality 5,  a03eb04f3a46701ca072a0eb435adaec, x, y, lat, long, 0, 0, 0, -1,  Joint, 67.09854126, 108.1597519, 18.15975189, 0.90054321,  Unit B,  Fri Aug 18 00:00:00 2342,  
150e58a69478d361873de60dff6c5d39,  Locality 5,  314b9c4444d28d252b5ba2da86081839, x, y, lat, long, 0, 0, 0, -1,  Joint, 71.12154388, 88.4332962, 358.4332886, 0.90054321,  Unit B,  Fri Aug 18 00:00:00 2343,  
150e58a69478d361873de60dff6c5d39,  Locality 5,  f73cbf92fb8105ab5a153c1b35ddd0f3, x, y, lat, long, 0, 0, 0, -1,  Joint, 81.97638702, 161.0101013, 71.01010132, 0.90054321,  Unit B,  Fri Aug 18 00:00:00 2344,  
150e58a69478d361873de60dff6c5d39,  Locality 5,  0c3f4df48babcb4bba9f262031e76fea, x, y, lat, long, 0, 0, 0, -1,  Joint, 64.84417725, 3.25822973, 273.2582398, 0.90054321,  Unit B,  Fri Aug 18 00:00:00 2345,  
150e58a69478d361873de60dff6c5d39,  Locality 5,  b80da89d051d251700c2f6ab111bc0da, x, y, lat, long, 0, 0, 0, -1,  Joint, 80.00221252, 177.7205505, 87.72055054, 0.90054321,  Unit B,  Fri Aug 18 00:00:00 2346,  
150e58a69478d361873de60dff6c5d39,  Locality 5,  27cf2a85dfb22dd4a967def59e06eab7, x, y, lat, long, 0, 0, 0, -1,  Joint, 79.70352173, 356.8141785, 266.8141785, 0.90054321,  Unit B,  Fri Aug 18 00:00:00 2347,  
150e58a69478d361873de60dff6c5d39,  Locality 5,  736b06c63e0d14d976b824b86aae268f, x, y, lat, long, 0, 0, 0, -1,  Joint, 73.75676727, 353.7195435, 263.7195435, 0.90054321,  Unit B,  Fri Aug 18 00:00:00 2348,  
150e58a69478d361873de60dff6c5d39,  Locality 5,  303600c7a88f8f32184667b300f09b0a, x, y, lat, long, 0, 0, 0, -1,  Joint, 68.4983139, 48.19280624, 318.1928101, 0.90054321,  Unit B,  Fri Aug 18 00:00:00 2349,  
150e58a69478d361873de60dff6c5d39,  Locality 5,  f9128317f03be28666c57648c443d56b, x, y, lat, long, 0, 0, 0, -1,  Joint, 66.05272675, 1.72391737, 271.7239075, 0.90054321,  Unit B,  Fri Aug 18 00:00:00 2350,  
150e58a69478d361873de60dff6c5d39,  Locality 5,  58385ab00352c378486a5e8961785f4e, x, y, lat, long, 0, 0, 0, -1,  Joint, 87.16931915, 165.1637268, 75.16372681, 0.90054321,  Unit B,  Fri Aug 18 00:00:00 2351,  
150e58a69478d361873de60dff6c5d39,  Locality 5,  64caba4bddf5f7385d0072094c5c0dcd, x, y, lat, long, 0, 0, 0, -1,  Joint, 62.28827667, 164.1517487, 74.15174866, 0.90054321,  Unit B,  Fri Aug 18 00:00:00 2352,  
150e58a69478d361873de60dff6c5d39,  Locality 5,  b23354d0d526c6afa6c1204e0b9c815f, x, y, lat, long, 0, 0, 0, -1,  Joint, 73.04676056, 172.1293945, 82.12939453, 0.90054321,  Unit B,  Fri Aug 18 00:00:00 2353,  
150e58a69478d361873de60dff6c5d39,  Locality 5,  f0315bc4966540d571e4cd1a053086e1, x, y, lat, long, 0, 0, 0, -1,  Joint, 63.22609329, 55.18960571, 325.1896057, 0.90054321,  Unit B,  Fri Aug 18 00:00:00 2354,  
150e58a69478d361873de60dff6c5d39,  Locality 5,  037d8461377747362629cb291e66e20d, x, y, lat, long, 0, 0, 0, -1,  Joint, 47.42262268, 56.12559891, 326.1256104, 0.90054321,  Unit B,  Fri Aug 18 00:00:00 2355,  
150e58a69478d361873de60dff6c5d39,  Locality 5,  45a4dd98e0f69a761c6975de8f0a9306, x, y, lat, long, 0, 0, 0, -1,  Joint, 65.45939636, 47.02322388, 317.0232239, 0.90054321,  Unit B,  Fri Aug 18 00:00:00 2356,  
150e58a69478d361873de60dff6c5d39,  Locality 5,  495f40ff0f3ad8ce57268cdfb4732b55, x, y, lat, long, 0, 0, 0, -1,  Joint, 61.90938568, 43.56035995, 313.5603638, 0.90054321,  Unit B,  Fri Aug 18 00:00:00 2357,  
150e58a69478d361873de60dff6c5d39,  Locality 5,  d3cc2186b2208d21e16a9e9b2901d726, x, y, lat, long, 0, 0, 0, -1,  Joint, 68.92563629, 66.06134033, 336.0613403, 0.90054321,  Unit B,  Fri Aug 18 00:00:00 2358,  
150e58a69478d361873de60dff6c5d39,  Locality 5,  971fa7171d6d9288ef314dae2d54d67b, x, y, lat, long, 0, 0, 0, -1,  Joint, 63.48541641, 64.49493408, 334.4949341, 0.90054321,  Unit B,  Fri Aug 18 00:00:00 2359,  
150e58a69478d361873de60dff6c5d39,  Locality 5,  649919643f4d075e356d8bcb556fa82c, x, y, lat, long, 0, 0, 0, -1,  Joint, 88.1736908, 178.796402, 88.79640198, 0.90054321,  Unit B,  Fri Aug 18 00:00:00 2360,  
150e58a69478d361873de60dff6c5d39,  Locality 5,  a2a04aaac3bc46264dda21bf8e969903, x, y, lat, long, 0, 0, 0, -1,  Joint, 85.36238861, 350.6141663, 260.6141663, 0.90054321,  Unit B,  Fri Aug 18 00:00:00 2361,  
150e58a69478d361873de60dff6c5d39,  Locality 5,  dfd73785334d4f61565a6830e8a7a905, x, y, lat, long, 0, 0, 0, -1,  Joint, 81.5093689, 178.6941528, 88.69415283, 0.90054321,  Unit B,  Fri Aug 18 00:00:00 2362,  
150e58a69478d361873de60dff6c5d39,  Locality 5,  4ba99a63db132c7696001502784e5684, x, y, lat, long, 0, 0, 0, -1,  Joint, 86.12404633, 174.8193207, 84.81932068, 0.90054321,  Unit B,  Fri Aug 18 00:00:00 2363,  
150e58a69478d361873de60dff6c5d39,  Locality 5,  af21f3f47f19c075da07f8ad9817cead, x, y, lat, long, 0, 0, 0, -1,  Joint, 89, 354.1333618, 264.1333618, 0.90054321,  Unit B,  Fri Aug 18 00:00:00 2364,  
150e58a69478d361873de60dff6c5d39,  Locality 5,  244ce61cf015ed9e50bbc34f2b8a8530, x, y, lat, long, 0, 0, 0, -1,  Joint, 85.5969162, 340.758667, 250.758667, 0.90054321,  Unit B,  Fri Aug 18 00:00:00 2365,  
150e58a69478d361873de60dff6c5d39,  Locality 5,  4c12072c61b660c621ee531a321abb36, x, y, lat, long, 0, 0, 0, -1,  Joint, 88.83502197, 356.4335022, 266.4335022, 0.90054321,  Unit B,  Fri Aug 18 00:00:00 2366,  
150e58a69478d361873de60dff6c5d39,  Locality 5,  e50666d977a8dc9d02ccd517c56e8c90, x, y, lat, long, 0, 0, 0, -1,  Joint, 61.88889694, 90.31746674, 0.31746674, 0.90054321,  Unit B,  Fri Aug 18 00:00:00 2367,  
150e58a69478d361873de60dff6c5d39,  Locality 5,  3d6627d3c2786afc5d1cf5a30ba0e0e0, x, y, lat, long, 0, 0, 0, -1,  Joint, 49.10191727, 79.00093842, 349.000946, 0.90054321,  Unit B,  Fri Aug 18 00:00:00 2368,  
150e58a69478d361873de60dff6c5d39,  Locality 5,  d5b43af9305362602ff3d14386715640, x, y, lat, long, 0, 0, 0, -1,  Joint, 67.60350037, 65.63838959, 335.6383972, 0.90054321,  Unit B,  Fri Aug 18 00:00:00 2369,  
150e58a69478d361873de60dff6c5d39,  Locality 5,  233b714860d0f220fb202877e23ce23f, x, y, lat, long, 0, 0, 0, -1,  Joint, 89, 173.0995789, 83.09957886, 0.90054321,  Unit B,  Fri Aug 18 00:00:00 2370,  
150e58a69478d361873de60dff6c5d39,  Locality 5,  86868d6818b395bcb112dc132c2fa4d0, x, y, lat, long, 0, 0, 0, -1,  Joint, 86.48884583, 354.3429565, 264.3429565, 0.90054321,  Unit B,  Fri Aug 18 00:00:00 2371,  
150e58a69478d361873de60dff6c5d39,  Locality 6,  acc23b477cc3c4ba3ab913f46e4de766, x, y, lat, long, 0, 0, 0, -1,  Joint, 53.84928131, 38.74588013, 308.7458801, 0.90054321,  Unit B,  Fri Aug 18 00:00:00 2372,  
150e58a69478d361873de60dff6c5d39,  Locality 6,  2b88612bb2717a57e5ec11a87c848b53, x, y, lat, long, 0, 0, 0, -1,  Joint, 61.77503204, 54.60653687, 324.6065369, 0.90054321,  Unit B,  Fri Aug 18 00:00:00 2373,  
150e58a69478d361873de60dff6c5d39,  Locality 6,  cabba2d458ed2518a3fd6909d4a83df6, x, y, lat, long, 0, 0, 0, -1,  Joint, 66.75265503, 57.63989639, 327.6398926, 0.90054321,  Unit B,  Fri Aug 18 00:00:00 2374,  
150e58a69478d361873de60dff6c5d39,  Locality 6,  b819e268093e73ed9334cfc3cc2d88fa, x, y, lat, long, 0, 0, 0, -1,  Joint, 41.40875626, 82.66889954, 352.6688843, 0.90054321,  Unit B,  Fri Aug 18 00:00:00 2375,  
150e58a69478d361873de60dff6c5d39,  Locality 6,  c9a539bc7bf6e584313a967b17888496, x, y, lat, long, 0, 0, 0, -1,  Joint, 88.78359222, 161.0390778, 71.03907776, 0.90054321,  Unit B,  Fri Aug 18 00:00:00 2376,  
150e58a69478d361873de60dff6c5d39,  Locality 6,  2819c0d78fdab4a5aaaf185bb05efaa9, x, y, lat, long, 0, 0, 0, -1,  Joint, 73.96669006, 347.9797669, 257.9797669, 0.90054321,  Unit B,  Fri Aug 18 00:00:00 2377,  
150e58a69478d361873de60dff6c5d39,  Locality 6,  960ffa7ba6d5c28150564d8e7953180e, x, y, lat, long, 0, 0, 0, -1,  Joint, 87.71994019, 175.934082, 85.93408203, 0.90054321,  Unit B,  Fri Aug 18 00:00:00 2378,  
150e58a69478d361873de60dff6c5d39,  Locality 6,  505fab9f6d8b911dfaff53d871e2aa7a, x, y, lat, long, 0, 0, 0, -1,  Joint, 88.98587036, 174.4220276, 84.42202759, 0.90054321,  Unit B,  Fri Aug 18 00:00:00 2379,  
150e58a69478d361873de60dff6c5d39,  Locality 6,  e996467881ace68b31936843dec4d7e6, x, y, lat, long, 0, 0, 0, -1,  Joint, 88.21082306, 336.5726624, 246.5726624, 0.90054321,  Unit B,  Fri Aug 18 00:00:00 2380,  
150e58a69478d361873de60dff6c5d39,  Locality 6,  906a3f0137c4c6d5804ebd54714bbc60, x, y, lat, long, 0, 0, 0, -1,  Joint, 66.29249573, 55.81620407, 325.8161926, 0.90054321,  Unit B,  Fri Aug 18 00:00:00 2381,  
150e58a69478d361873de60dff6c5d39,  Locality 6,  717b8ef05fdf8ecde953038ff0cb64a0, x, y, lat, long, 0, 0, 0, -1,  Joint, 89, 163.73526, 73.73526001, 0.90054321,  Unit B,  Fri Aug 18 00:00:00 2382,  
150e58a69478d361873de60dff6c5d39,  Locality 6,  a48150a8472bcbe2263667a167aaf726, x, y, lat, long, 0, 0, 0, -1,  Joint, 54.3139801, 41.07131577, 311.0713196, 0.90054321,  Unit B,  Fri Aug 18 00:00:00 2383,  
150e58a69478d361873de60dff6c5d39,  Locality 6,  8288eba000e8d5731434babf2093e0d1, x, y, lat, long, 0, 0, 0, -1,  Joint, 58.10980988, 25.07724571, 295.07724, 0.90054321,  Unit B,  Fri Aug 18 00:00:00 2384,  
150e58a69478d361873de60dff6c5d39,  Locality 6,  d75439906cd28025bf2ef7e6b40da67e, x, y, lat, long, 0, 0, 0, -1,  Joint, 83.50263977, 166.6676025, 76.66760254, 0.90054321,  Unit B,  Fri Aug 18 00:00:00 2385,  
150e58a69478d361873de60dff6c5d39,  Locality 6,  9288b5ce330655882c085b6be94c331e, x, y, lat, long, 0, 0, 0, -1,  Joint, 89, 164.0940247, 74.09402466, 0.90054321,  Unit B,  Fri Aug 18 00:00:00 2386,  
150e58a69478d361873de60dff6c5d39,  Locality 6,  da0f1cc0fa6fa951deca461de6abec3e, x, y, lat, long, 0, 0, 0, -1,  Joint, 88.89984131, 162.7083435, 72.70834351, 0.90054321,  Unit B,  Fri Aug 18 00:00:00 2387,  
150e58a69478d361873de60dff6c5d39,  Locality 6,  dc3ab4d0cff8666a0ef69c704a99c018, x, y, lat, long, 0, 0, 0, -1,  Joint, 87.18809509, 165.3181152, 75.31811523, 0.90054321,  Unit B,  Fri Aug 18 00:00:00 2388,  
150e58a69478d361873de60dff6c5d39,  Locality 6,  1e0a429a9cb99629e8e5e6108e1510bc, x, y, lat, long, 0, 0, 0, -1,  Joint, 41.04275894, 43.16981888, 313.1698303, 0.90054321,  Unit B,  Fri Aug 18 00:00:00 2389,  
150e58a69478d361873de60dff6c5d39,  Locality 6,  2ea673c722ce866bb9e67c7da69bed85, x, y, lat, long, 0, 0, 0, -1,  Joint, 48.60307693, 57.83841324, 327.8384094, 0.90054321,  Unit B,  Fri Aug 18 00:00:00 2390,  
150e58a69478d361873de60dff6c5d39,  Locality 6,  eb9b0b4787c7afe09e634c39e76113d2, x, y, lat, long, 0, 0, 0, -1,  Joint, 54.61824417, 60.30781174, 330.3078003, 0.90054321,  Unit B,  Fri Aug 18 00:00:00 2391,  
150e58a69478d361873de60dff6c5d39,  Locality 6,  4148954761b8be80e7c0534725e8d9ee, x, y, lat, long, 0, 0, 0, -1,  Joint, 56.65116882, 58.82563019, 328.8256226, 0.90054321,  Unit B,  Fri Aug 18 00:00:00 2392,  
150e58a69478d361873de60dff6c5d39,  Locality 6,  2b6edfd8e58aea577ed70eb86b08e7aa, x, y, lat, long, 0, 0, 0, -1,  Bedding, 6.03672647, 203.8813477, 113.8813477, 0.90054321,  Unit B,  Fri Aug 18 00:00:00 2393,  
150e58a69478d361873de60dff6c5d39,  Locality 6,  8dfeba88e9150ba25ef337e2d7c3a3f6, x, y, lat, long, 0, 0, 0, -1,  Joint, 39.08586502, 56.13466263, 326.1346741, 0.90054321,  Unit B,  Fri Aug 18 00:00:00 2394,  
150e58a69478d361873de60dff6c5d39,  Locality 6,  4ac9daf22bd46db4e25db6843d8b6cfe, x, y, lat, long, 0, 0, 0, -1,  Bedding, 8.43686581, 316.3031921, 226.3031921, 0.90054321,  Unit B,  Fri Aug 18 00:00:00 2395,  
150e58a69478d361873de60dff6c5d39,  Locality 6,  ad54499aebc6c078a40cc7b112c96242, x, y, lat, long, 0, 0, 0, -1,  Joint, 57.46960068, 61.23554611, 331.2355347, 0.90054321,  Unit B,  Fri Aug 18 00:00:00 2396,  
150e58a69478d361873de60dff6c5d39,  Locality 6,  3892ac607991e8a20869b2ce7d241495, x, y, lat, long, 0, 0, 0, -1,  Joint, 73.29319, 259.6499329, 169.6499329, 0.90054321,  Unit B,  Fri Aug 18 00:00:00 2397,  
150e58a69478d361873de60dff6c5d39,  Locality 6,  b5387647731008af9c145b175cd216f5, x, y, lat, long, 0, 0, 0, -1,  Joint, 55.37187958, 53.9655838, 323.9655762, 0.90054321,  Unit B,  Fri Aug 18 00:00:00 2398,  
150e58a69478d361873de60dff6c5d39,  Locality 6,  5ec06860ad6ea175e036078fb0c30446, x, y, lat, long, 0, 0, 0, -1,  Joint, 52.75075531, 17.94011497, 287.9401245, 0.90054321,  Unit B,  Fri Aug 18 00:00:00 2399,  
150e58a69478d361873de60dff6c5d39,  Locality 6,  d5c1e78f9a1e10db61ad1b07aa0748b3, x, y, lat, long, 0, 0, 0, -1,  Joint, 50.64736938, 42.71567917, 312.7156677, 0.90054321,  Unit B,  Fri Aug 18 00:00:00 2400,  
150e58a69478d361873de60dff6c5d39,  Locality 6,  b90bc4a47fefb0756e10aa27c66f598a, x, y, lat, long, 0, 0, 0, -1,  Joint, 84.43386841, 166.2879181, 76.28791809, 0.90054321,  Unit B,  Fri Aug 18 00:00:00 2401,  
150e58a69478d361873de60dff6c5d39,  Locality 6,  bd9ccb3f3fcbe57b54b5b2038e1938d6, x, y, lat, long, 0, 0, 0, -1,  Joint, 68.67691803, 63.21717072, 333.2171631, 0.90054321,  Unit B,  Fri Aug 18 00:00:00 2402,  
150e58a69478d361873de60dff6c5d39,  Locality 6,  30a36613b3b754acfc9604f53b444704, x, y, lat, long, 0, 0, 0, -1,  Joint, 67.68147278, 61.03808975, 331.0380859, 0.90054321,  Unit B,  Fri Aug 18 00:00:00 2403,  
150e58a69478d361873de60dff6c5d39,  Locality 6,  1607786b56153bb6ebeaf7e6bc6cd73a, x, y, lat, long, 0, 0, 0, -1,  Joint, 53.73588181, 177.5133667, 87.5133667, 0.90054321,  Unit B,  Fri Aug 18 00:00:00 2404,  
150e58a69478d361873de60dff6c5d39,  Locality 6,  d55a4f2155b473868665864c8ebf3efb, x, y, lat, long, 0, 0, 0, -1,  Joint, 65.72029877, 168.2247925, 78.22479248, 0.90054321,  Unit B,  Fri Aug 18 00:00:00 2405,  
150e58a69478d361873de60dff6c5d39,  Locality 6,  32386cc1ca35c906bf3318e35e0fe5de, x, y, lat, long, 0, 0, 0, -1,  Joint, 63.21843338, 182.1658936, 92.16589355, 0.90054321,  Unit B,  Fri Aug 18 00:00:00 2406,  
150e58a69478d361873de60dff6c5d39,  Locality 6,  7f6a23e697446ea9081acbd2bdda52f9, x, y, lat, long, 0, 0, 0, -1,  Bedding, 14.90195847, 153.504837, 63.50483704, 0.90054321,  Unit B,  Fri Aug 18 00:00:00 2407,  
150e58a69478d361873de60dff6c5d39,  Locality 6,  b6d1a93ded19b96a8ebd643a5bc7b569, x, y, lat, long, 0, 0, 0, -1,  Joint, 79.8908844, 50.61707687, 320.6170654, 0.90054321,  Unit B,  Fri Aug 18 00:00:00 2408,  
150e58a69478d361873de60dff6c5d39,  Locality 6,  8dab35f3c2102a487a3196d1d481ee30, x, y, lat, long, 0, 0, 0, -1,  Joint, 80.48447418, 66.48635101, 336.4863586, 0.90054321,  Unit B,  Fri Aug 18 00:00:00 2409,  
150e58a69478d361873de60dff6c5d39,  Locality 6,  c5ec0c9c870ff571ba186368d106c366, x, y, lat, long, 0, 0, 0, -1,  Joint, 85.43921661, 242.4689941, 152.4689941, 0.90054321,  Unit B,  Fri Aug 18 00:00:00 2410,  
150e58a69478d361873de60dff6c5d39,  Locality 6,  6fde3116e68ef112322730990bdb625a, x, y, lat, long, 0, 0, 0, -1,  Joint, 89, 241.5541534, 151.5541534, 0.90054321,  Unit B,  Fri Aug 18 00:00:00 2411,  
150e58a69478d361873de60dff6c5d39,  Locality 6,  49ec014ee0a0a9f0b368618bc8239a30, x, y, lat, long, 0, 0, 0, -1,  Joint, 81.9852066, 90.63340759, 0.63340759, 0.90054321,  Unit B,  Fri Aug 18 00:00:00 2412,  
150e58a69478d361873de60dff6c5d39,  Locality 6,  4f3cc8454ff8fb4ce6729b98057ffc4c, x, y, lat, long, 0, 0, 0, -1,  Joint, 46.02002335, 67.30706024, 337.3070679, 0.90054321,  Unit B,  Fri Aug 18 00:00:00 2413,  
150e58a69478d361873de60dff6c5d39,  Locality 6,  a2a4fe98f4578e29180922aa6eb3e725, x, y, lat, long, 0, 0, 0, -1,  Joint, 87.35543823, 159.9838715, 69.98387146, 0.90054321,  Unit B,  Fri Aug 18 00:00:00 2414,  
150e58a69478d361873de60dff6c5d39,  Locality 6,  5e748039bcd79ed2973c5a255ae2edeb, x, y, lat, long, 0, 0, 0, -1,  Joint, 77.65123749, 170.617691, 80.61769104, 0.90054321,  Unit B,  Fri Aug 18 00:00:00 2415,  
150e58a69478d361873de60dff6c5d39,  Locality 6,  c08902cd978457f303a6808d8952593f, x, y, lat, long, 0, 0, 0, -1,  Joint, 85.83947754, 168.8457947, 78.84579468, 0.90054321,  Unit B,  Fri Aug 18 00:00:00 2416,  
150e58a69478d361873de60dff6c5d39,  Locality 6,  05523b2127707f8c1adf89948d8259cb, x, y, lat, long, 0, 0, 0, -1,  Joint, 78.13581848, 163.8555298, 73.85552979, 0.90054321,  Unit B,  Fri Aug 18 00:00:00 2417,  
150e58a69478d361873de60dff6c5d39,  Locality 6,  23a48a32e58026816a529f5c77ef7896, x, y, lat, long, 0, 0, 0, -1,  Joint, 87.52327728, 166.0769806, 76.07698059, 0.90054321,  Unit B,  Fri Aug 18 00:00:00 2418,  
150e58a69478d361873de60dff6c5d39,  Locality 6,  90bf8f06ad0859c8b2460667b6d68642, x, y, lat, long, 0, 0, 0, -1,  Joint, 80.05479431, 64.33439636, 334.3344116, 0.90054321,  Unit B,  Fri Aug 18 00:00:00 2419,  
150e58a69478d361873de60dff6c5d39,  Locality 6,  4d42f464912fc4fc18f34e40967e7cc7, x, y, lat, long, 0, 0, 0, -1,  Joint, 82.93415833, 164.8565826, 74.85658264, 0.90054321,  Unit B,  Fri Aug 18 00:00:00 2420,  
150e58a69478d361873de60dff6c5d39,  Locality 6,  6be0f663ab1c1eb7993209d8b27d86c0, x, y, lat, long, 0, 0, 0, -1,  Joint, 80.96273804, 164.6753845, 74.67538452, 0.90054321,  Unit B,  Fri Aug 18 00:00:00 2421,  
150e58a69478d361873de60dff6c5d39,  Locality 6,  621b4d2500314f500fe95402961d0c81, x, y, lat, long, 0, 0, 0, -1,  Joint, 85.83364868, 162.3791046, 72.37910461, 0.90054321,  Unit B,  Fri Aug 18 00:00:00 2422,  
150e58a69478d361873de60dff6c5d39,  Locality 6,  de9058ec70a856e8d15b42b16dc1409a, x, y, lat, long, 0, 0, 0, -1,  Joint, 83.27547455, 165.5720825, 75.57208252, 0.90054321,  Unit B,  Fri Aug 18 00:00:00 2423,  
150e58a69478d361873de60dff6c5d39,  Locality 6,  751d757f8fc11d9eb75172219e65344c, x, y, lat, long, 0, 0, 0, -1,  Joint, 82.84622955, 163.3546448, 73.35464478, 0.90054321,  Unit B,  Fri Aug 18 00:00:00 2424,  
